species.watershed,Watershed_name,AOU_code,numyears,numpresent,percyears,chiPval,chi_fearly,chi_flate,runsPval,numtransitions,trend,classification,1992,1993,1994,1995,1996,1997,1998,1999,2000,2001,2002,2003,2004,2005,2006,2007,2008,2009
BHCO.1D,1D,BHCO,18,18,1,NA,NA,NA,NA,0,NA,No_change-present,1,1,1,1,1,1,1,1,1,1,1,1,1,1,1,1,1,1
BRTH.1D,1D,BRTH,18,4,0.2222222222222222,1,0.2222222222222222,0.2222222222222222,0.18833605346048377,5,0,Random,1,1,0,0,0,0,0,0,0,0,0,0,0,1,0,1,0,0
COYE.1D,1D,COYE,18,7,0.3888888888888889,1,0.4444444444444444,0.3333333333333333,0.5901462310851059,9,0,Random,1,0,0,0,0,1,1,0,1,0,1,0,0,0,0,1,1,0
DICK.1D,1D,DICK,18,18,1,NA,NA,NA,NA,0,NA,No_change-present,1,1,1,1,1,1,1,1,1,1,1,1,1,1,1,1,1,1
EAKI.1D,1D,EAKI,18,4,0.2222222222222222,0.08897301170181332,0.4444444444444444,0,0.00988556344776966,3,0,Recurrent,1,1,1,0,0,1,0,0,0,0,0,0,0,0,0,0,0,0
EAME.1D,1D,EAME,18,18,1,NA,NA,NA,NA,0,NA,No_change-present,1,1,1,1,1,1,1,1,1,1,1,1,1,1,1,1,1,1
GRSP.1D,1D,GRSP,18,18,1,NA,NA,NA,NA,0,NA,No_change-present,1,1,1,1,1,1,1,1,1,1,1,1,1,1,1,1,1,1
NOBO.1D,1D,NOBO,18,12,0.6666666666666666,0.13361440253771517,0.8888888888888888,0.4444444444444444,0.2908260351776516,7,0,Random,1,1,1,0,1,1,1,1,1,0,0,0,1,0,1,1,1,0
RNEP.1D,1D,RNEP,18,5,0.2777777777777778,0.03529659684140806,0.5555555555555556,0,NA,3,-1,Decreasing,1,1,1,1,0,0,0,0,1,0,0,0,0,0,0,0,0,0
RWBL.1D,1D,RWBL,18,18,1,NA,NA,NA,NA,0,NA,No_change-present,1,1,1,1,1,1,1,1,1,1,1,1,1,1,1,1,1,1
AMRO.20B,20B,AMRO,18,5,0.2777777777777778,1,0.3333333333333333,0.2222222222222222,0.08584459620086143,5,0,Random,1,1,0,0,1,0,0,0,0,0,0,0,0,0,1,1,0,0
ATSP.20B,20B,ATSP,18,6,0.3333333333333333,0.6170750774519739,0.2222222222222222,0.4444444444444444,0.7091739648223484,9,0,Random,1,0,0,0,0,0,0,1,0,0,0,1,0,1,0,1,1,0
BAOR.20B,20B,BAOR,18,11,0.6111111111111112,0.3335502541119047,0.4444444444444444,0.7777777777777778,0.7705755855972882,10,0,Random,1,0,1,0,1,1,0,0,0,1,1,0,1,1,0,1,1,1
BEVI.20B,20B,BEVI,18,17,0.9444444444444444,NA,NA,NA,NA,2,NA,No_change-present,1,0,1,1,1,1,1,1,1,1,1,1,1,1,1,1,1,1
BHCO.20B,20B,BHCO,18,18,1,NA,NA,NA,NA,0,NA,No_change-present,1,1,1,1,1,1,1,1,1,1,1,1,1,1,1,1,1,1
BRTH.20B,20B,BRTH,18,17,0.9444444444444444,NA,NA,NA,NA,2,NA,No_change-present,1,0,1,1,1,1,1,1,1,1,1,1,1,1,1,1,1,1
COYE.20B,20B,COYE,18,17,0.9444444444444444,NA,NA,NA,NA,2,NA,No_change-present,1,1,1,1,1,1,1,1,1,1,0,1,1,1,1,1,1,1
DICK.20B,20B,DICK,18,18,1,NA,NA,NA,NA,0,NA,No_change-present,1,1,1,1,1,1,1,1,1,1,1,1,1,1,1,1,1,1
EAKI.20B,20B,EAKI,18,5,0.2777777777777778,1,0.3333333333333333,0.2222222222222222,0.22610434285683928,6,0,Random,1,0,0,1,1,0,0,0,0,0,0,0,0,0,1,0,0,1
EAME.20B,20B,EAME,18,18,1,NA,NA,NA,NA,0,NA,No_change-present,1,1,1,1,1,1,1,1,1,1,1,1,1,1,1,1,1,1
GRSP.20B,20B,GRSP,18,10,0.5555555555555556,0.6352562959972483,0.6666666666666666,0.4444444444444444,0.8507024112184478,11,0,Random,1,1,0,0,1,1,1,0,1,0,0,1,1,0,1,0,1,0
MODO.20B,20B,MODO,18,14,0.7777777777777778,1,0.7777777777777778,0.7777777777777778,0.4361509065077108,6,0,Random,1,1,1,1,0,0,1,1,1,0,1,1,0,1,1,1,1,1
NOBO.20B,20B,NOBO,18,9,0.5,1,0.5555555555555556,0.4444444444444444,0.1655687296344852,7,0,Random,1,1,0,1,1,0,1,0,0,0,1,1,1,1,0,0,0,0
OROR.20B,20B,OROR,18,5,0.2777777777777778,1,0.2222222222222222,0.3333333333333333,0.22610434285683928,6,0,Random,1,1,0,0,0,0,0,0,0,0,0,0,0,1,0,1,0,1
RNEP.20B,20B,RNEP,18,3,0.16666666666666666,0.20590321073206838,0.3333333333333333,0,0.5,5,0,Random,1,0,0,0,1,0,0,0,1,0,0,0,0,0,0,0,0,0
BHCO.4A,4A,BHCO,18,18,1,NA,NA,NA,NA,0,NA,No_change-present,1,1,1,1,1,1,1,1,1,1,1,1,1,1,1,1,1,1
DICK.4A,4A,DICK,18,17,0.9444444444444444,NA,NA,NA,NA,2,NA,No_change-present,1,1,1,1,1,0,1,1,1,1,1,1,1,1,1,1,1,1
EAKI.4A,4A,EAKI,18,5,0.2777777777777778,0.2925841402738329,0.4444444444444444,0.1111111111111111,0.08584459620086143,5,0,Random,1,1,1,0,1,0,0,0,0,1,0,0,0,0,0,0,0,0
EAME.4A,4A,EAME,18,16,0.8888888888888888,0.4532547047537364,1,0.7777777777777778,0.7283793213393187,4,0,Random,1,1,1,1,1,1,1,1,1,1,0,1,1,1,0,1,1,1
FISP.4A,4A,FISP,18,8,0.4444444444444444,1,0.4444444444444444,0.4444444444444444,0.33081513412468533,8,0,Random,1,0,0,0,0,1,1,0,1,0,0,0,0,1,0,1,1,1
GRSP.4A,4A,GRSP,18,14,0.7777777777777778,1,0.7777777777777778,0.7777777777777778,0.4361509065077108,6,0,Random,1,1,1,1,1,1,0,0,1,1,0,1,1,1,0,1,1,1
MODO.4A,4A,MODO,18,11,0.6111111111111112,1,0.5555555555555556,0.6666666666666666,0.21251532639246387,7,0,Random,1,0,0,0,0,1,1,1,1,1,0,1,1,1,1,0,1,0
NOBO.4A,4A,NOBO,18,6,0.3333333333333333,0.6170750774519739,0.4444444444444444,0.2222222222222222,0.7091739648223484,9,0,Random,1,1,0,0,0,1,0,1,0,0,0,1,0,0,0,1,0,0
RWBL.4A,4A,RWBL,18,8,0.4444444444444444,0.01770606580736664,0.7777777777777778,0.1111111111111111,NA,7,-1,Decreasing,1,0,1,1,1,1,0,1,1,0,0,1,0,0,0,0,0,0
BEVI.4B,4B,BEVI,18,16,0.8888888888888888,1,0.8888888888888888,0.8888888888888888,0.7283793213393187,4,0,Random,1,1,1,1,1,1,1,1,0,1,1,0,1,1,1,1,1,1
BHCO.4B,4B,BHCO,18,18,1,NA,NA,NA,NA,0,NA,No_change-present,1,1,1,1,1,1,1,1,1,1,1,1,1,1,1,1,1,1
BRTH.4B,4B,BRTH,18,16,0.8888888888888888,1,0.8888888888888888,0.8888888888888888,0.7283793213393187,4,0,Random,1,1,1,1,1,0,1,1,1,0,1,1,1,1,1,1,1,1
COYE.4B,4B,COYE,18,15,0.8333333333333334,1,0.8888888888888888,0.7777777777777778,0.8217238311163698,6,0,Random,1,1,1,0,1,1,1,1,1,0,1,1,1,0,1,1,1,1
DICK.4B,4B,DICK,18,18,1,NA,NA,NA,NA,0,NA,No_change-present,1,1,1,1,1,1,1,1,1,1,1,1,1,1,1,1,1,1
EAKI.4B,4B,EAKI,18,10,0.5555555555555556,0.15472892348537878,0.7777777777777778,0.3333333333333333,0.1761765250642286,7,0,Random,1,1,1,1,1,1,0,0,1,0,0,1,1,0,0,1,0,0
EAME.4B,4B,EAME,18,18,1,NA,NA,NA,NA,0,NA,No_change-present,1,1,1,1,1,1,1,1,1,1,1,1,1,1,1,1,1,1
FISP.4B,4B,FISP,18,9,0.5,0.004677734981047268,0.8888888888888888,0.1111111111111111,NA,5,-1,Decreasing,1,1,1,0,1,1,1,1,1,0,0,0,0,0,1,0,0,0
GRSP.4B,4B,GRSP,18,13,0.7222222222222222,0.2925841402738329,0.5555555555555556,0.8888888888888888,0.22610434285683928,6,0,Random,1,1,1,0,1,1,0,0,0,1,1,0,1,1,1,1,1,1
HESP.4B,4B,HESP,18,11,0.6111111111111112,1,0.6666666666666666,0.5555555555555556,0.8950001641221953,11,0,Random,1,1,0,1,1,1,0,1,0,1,0,0,1,0,1,1,1,0
NOBO.4B,4B,NOBO,18,14,0.7777777777777778,0.5707503880581739,0.8888888888888888,0.6666666666666666,0.18833605346048377,5,0,Random,1,1,1,1,1,1,0,1,1,1,0,1,1,1,1,1,0,0
NOHA.4B,4B,NOHA,18,8,0.4444444444444444,0.6352562959972483,0.5555555555555556,0.3333333333333333,0.8507024112184478,11,0,Random,1,0,1,1,0,0,0,1,1,0,1,0,1,0,0,0,1,0
YBCU.4B,4B,YBCU,18,2,0.1111111111111111,0.4532547047537364,0.2222222222222222,0,0.2236576445221517,3,0,Random,1,0,0,0,1,0,0,0,0,0,0,0,0,0,0,0,0,0
BEVI.N1B,N1B,BEVI,18,8,0.4444444444444444,0.15472892348537878,0.2222222222222222,0.6666666666666666,0.008038804912936993,4,0,Recurrent,1,0,0,0,0,0,1,0,0,0,0,0,1,1,1,1,1,1
BHCO.N1B,N1B,BHCO,18,17,0.9444444444444444,NA,NA,NA,NA,2,NA,No_change-present,1,1,1,0,1,1,1,1,1,1,1,1,1,1,1,1,1,1
BLGR.N1B,N1B,BLGR,18,3,0.16666666666666666,1,0.2222222222222222,0.1111111111111111,0.5,5,0,Random,1,0,0,0,0,1,0,0,0,0,0,1,0,0,0,0,0,0
BRTH.N1B,N1B,BRTH,18,14,0.7777777777777778,1,0.7777777777777778,0.7777777777777778,0.4361509065077108,6,0,Random,1,1,0,0,1,1,1,1,1,1,1,0,1,1,0,1,1,1
DICK.N1B,N1B,DICK,18,17,0.9444444444444444,NA,NA,NA,NA,2,NA,No_change-present,1,1,1,0,1,1,1,1,1,1,1,1,1,1,1,1,1,1
EAME.N1B,N1B,EAME,18,14,0.7777777777777778,0.5707503880581739,0.8888888888888888,0.6666666666666666,0.05398837609926968,4,0,Random,1,1,1,0,1,1,1,1,1,1,1,1,0,0,0,1,1,1
FISP.N1B,N1B,FISP,18,13,0.7222222222222222,0.2925841402738329,0.8888888888888888,0.5555555555555556,0.22610434285683928,6,0,Random,1,1,1,0,1,1,1,1,1,0,0,0,1,0,1,1,1,1
NOBO.N1B,N1B,NOBO,18,11,0.6111111111111112,0.3335502541119047,0.7777777777777778,0.4444444444444444,0.21251532639246387,7,0,Random,1,1,1,0,0,1,1,1,1,1,0,1,0,0,0,1,1,0
UPSA.N1B,N1B,UPSA,18,11,0.6111111111111112,0.3335502541119047,0.7777777777777778,0.4444444444444444,0.3878598259222346,8,0,Random,1,1,1,0,1,1,0,1,1,0,1,1,1,0,0,0,0,1
BAOR.N20B,N20B,BAOR,18,3,0.16666666666666666,1,0.2222222222222222,0.1111111111111111,0.5,5,0,Random,1,0,1,0,0,0,0,0,0,0,0,0,0,1,0,0,0,0
BEVI.N20B,N20B,BEVI,18,18,1,NA,NA,NA,NA,0,NA,No_change-present,1,1,1,1,1,1,1,1,1,1,1,1,1,1,1,1,1,1
BHCO.N20B,N20B,BHCO,18,18,1,NA,NA,NA,NA,0,NA,No_change-present,1,1,1,1,1,1,1,1,1,1,1,1,1,1,1,1,1,1
BLGR.N20B,N20B,BLGR,18,3,0.16666666666666666,0.20590321073206838,0.3333333333333333,0,0.03259820953906502,3,0,Recurrent,1,0,0,0,1,1,0,0,0,0,0,0,0,0,0,0,0,0
BRTH.N20B,N20B,BRTH,18,18,1,NA,NA,NA,NA,0,NA,No_change-present,1,1,1,1,1,1,1,1,1,1,1,1,1,1,1,1,1,1
COYE.N20B,N20B,COYE,18,16,0.8888888888888888,0.4532547047537364,1,0.7777777777777778,0.7283793213393187,4,0,Random,1,1,1,1,1,1,1,1,1,0,1,1,1,0,1,1,1,1
DICK.N20B,N20B,DICK,18,18,1,NA,NA,NA,NA,0,NA,No_change-present,1,1,1,1,1,1,1,1,1,1,1,1,1,1,1,1,1,1
EAKI.N20B,N20B,EAKI,18,6,0.3333333333333333,0.012419330651552294,0.6666666666666666,0,NA,1,-1,Decreasing,1,1,1,1,1,1,0,0,0,0,0,0,0,0,0,0,0,0
EAME.N20B,N20B,EAME,18,18,1,NA,NA,NA,NA,0,NA,No_change-present,1,1,1,1,1,1,1,1,1,1,1,1,1,1,1,1,1,1
FISP.N20B,N20B,FISP,18,18,1,NA,NA,NA,NA,0,NA,No_change-present,1,1,1,1,1,1,1,1,1,1,1,1,1,1,1,1,1,1
GRCA.N20B,N20B,GRCA,18,14,0.7777777777777778,0.5707503880581739,0.6666666666666666,0.8888888888888888,0.4361509065077108,6,0,Random,1,1,1,0,0,1,1,0,1,1,0,1,1,1,1,1,1,1
GRSP.N20B,N20B,GRSP,18,17,0.9444444444444444,NA,NA,NA,NA,2,NA,No_change-present,1,1,1,0,1,1,1,1,1,1,1,1,1,1,1,1,1,1
NOBO.N20B,N20B,NOBO,18,17,0.9444444444444444,NA,NA,NA,NA,2,NA,No_change-present,1,1,1,1,1,1,1,1,1,1,1,1,1,1,1,0,1,1
NOHA.N20B,N20B,NOHA,18,3,0.16666666666666666,1,0.2222222222222222,0.1111111111111111,0.5,5,0,Random,1,0,1,0,0,0,0,0,0,0,1,0,0,0,0,0,0,0
OROR.N20B,N20B,OROR,18,3,0.16666666666666666,1,0.2222222222222222,0.1111111111111111,0.1782761688836302,4,0,Random,1,0,1,0,0,0,0,0,0,0,0,0,0,0,0,0,0,1
BEVI.N4B,N4B,BEVI,18,17,0.9444444444444444,NA,NA,NA,NA,2,NA,No_change-present,1,1,1,0,1,1,1,1,1,1,1,1,1,1,1,1,1,1
BHCO.N4B,N4B,BHCO,18,18,1,NA,NA,NA,NA,0,NA,No_change-present,1,1,1,1,1,1,1,1,1,1,1,1,1,1,1,1,1,1
BRTH.N4B,N4B,BRTH,18,14,0.7777777777777778,0.5707503880581739,0.8888888888888888,0.6666666666666666,0.05398837609926968,4,0,Random,1,1,1,1,1,1,1,1,0,0,0,1,0,1,1,1,1,1
COYE.N4B,N4B,COYE,18,10,0.5555555555555556,0.6352562959972483,0.6666666666666666,0.4444444444444444,0.707837878027633,10,0,Random,1,0,1,0,1,1,1,1,0,1,0,1,1,0,0,0,0,1
DICK.N4B,N4B,DICK,18,16,0.8888888888888888,1,0.8888888888888888,0.8888888888888888,0.7283793213393187,4,0,Random,1,1,1,1,1,1,1,0,1,1,1,1,1,0,1,1,1,1
DOWO.N4B,N4B,DOWO,18,4,0.2222222222222222,1,0.2222222222222222,0.2222222222222222,0.18833605346048377,5,0,Random,1,1,0,0,0,0,0,0,0,0,0,0,0,1,0,1,0,0
EAKI.N4B,N4B,EAKI,18,3,0.16666666666666666,1,0.2222222222222222,0.1111111111111111,0.03259820953906502,3,0,Recurrent,1,1,0,0,0,0,0,0,0,0,0,0,0,0,0,1,0,0
EAME.N4B,N4B,EAME,18,15,0.8333333333333334,0.20590321073206838,1,0.6666666666666666,0.8217238311163698,6,0,Random,1,1,1,1,1,1,1,1,1,0,1,1,1,0,1,0,1,1
FISP.N4B,N4B,FISP,18,16,0.8888888888888888,1,0.8888888888888888,0.8888888888888888,0.7283793213393187,4,0,Random,1,1,1,0,1,1,1,1,1,1,0,1,1,1,1,1,1,1
GCFL.N4B,N4B,GCFL,18,4,0.2222222222222222,0.5707503880581739,0.1111111111111111,0.3333333333333333,0.18833605346048377,5,0,Random,1,0,0,0,0,0,0,0,0,0,1,1,0,1,0,0,0,0
GRCA.N4B,N4B,GRCA,18,3,0.16666666666666666,1,0.1111111111111111,0.2222222222222222,0.002838616069079652,2,0,Random,1,0,0,0,0,0,0,0,0,0,0,0,0,0,0,0,1,1
GRSP.N4B,N4B,GRSP,18,15,0.8333333333333334,0.20590321073206838,0.6666666666666666,1,0.8217238311163698,6,0,Random,1,0,1,0,1,1,1,0,1,1,1,1,1,1,1,1,1,1
NOBO.N4B,N4B,NOBO,18,13,0.7222222222222222,0.2925841402738329,0.8888888888888888,0.5555555555555556,0.22610434285683928,6,0,Random,1,1,1,1,1,1,0,1,1,0,0,0,1,0,1,1,1,1
RWBL.N4B,N4B,RWBL,18,1,0.05555555555555555,NA,NA,NA,NA,1,NA,Rare,1,0,0,0,0,0,0,0,0,0,0,0,0,0,0,0,0,0
UPSA.N4B,N4B,UPSA,18,17,0.9444444444444444,NA,NA,NA,NA,1,NA,No_change-present,1,1,1,1,1,1,1,1,1,1,1,1,1,1,1,1,1,0
AMGO.N4D,N4D,AMGO,18,11,0.6111111111111112,1,0.5555555555555556,0.6666666666666666,0.9613346899230477,12,0,Random,1,0,0,1,0,1,1,1,0,1,0,1,1,1,0,1,0,1
ATSP.N4D,N4D,ATSP,18,10,0.5555555555555556,0.15472892348537878,0.3333333333333333,0.7777777777777778,0.07745418017215297,6,0,Random,1,1,0,0,0,0,0,1,0,0,1,1,0,1,1,1,1,1
BAOR.N4D,N4D,BAOR,18,1,0.05555555555555555,NA,NA,NA,NA,1,NA,Rare,1,0,0,0,0,0,0,0,0,0,0,0,0,0,0,0,0,0
BEVI.N4D,N4D,BEVI,18,18,1,NA,NA,NA,NA,0,NA,No_change-present,1,1,1,1,1,1,1,1,1,1,1,1,1,1,1,1,1,1
BHCO.N4D,N4D,BHCO,18,18,1,NA,NA,NA,NA,0,NA,No_change-present,1,1,1,1,1,1,1,1,1,1,1,1,1,1,1,1,1,1
BRTH.N4D,N4D,BRTH,18,18,1,NA,NA,NA,NA,0,NA,No_change-present,1,1,1,1,1,1,1,1,1,1,1,1,1,1,1,1,1,1
COYE.N4D,N4D,COYE,18,15,0.8333333333333334,0.20590321073206838,1,0.6666666666666666,0.8217238311163698,6,0,Random,1,1,1,1,1,1,1,1,1,0,1,1,1,0,1,0,1,1
DICK.N4D,N4D,DICK,18,18,1,NA,NA,NA,NA,0,NA,No_change-present,1,1,1,1,1,1,1,1,1,1,1,1,1,1,1,1,1,1
EAKI.N4D,N4D,EAKI,18,5,0.2777777777777778,0.03529659684140806,0.5555555555555556,0,NA,5,-1,Decreasing,1,1,0,1,1,0,1,0,0,0,0,0,0,0,0,0,0,0
EAME.N4D,N4D,EAME,18,15,0.8333333333333334,0.20590321073206838,1,0.6666666666666666,0.1782761688836302,4,0,Random,1,1,1,1,1,1,1,1,1,0,1,1,1,0,0,1,1,1
FISP.N4D,N4D,FISP,18,18,1,NA,NA,NA,NA,0,NA,No_change-present,1,1,1,1,1,1,1,1,1,1,1,1,1,1,1,1,1,1
GHOW.N4D,N4D,GHOW,18,3,0.16666666666666666,1,0.2222222222222222,0.1111111111111111,0.5,5,0,Random,1,0,0,0,1,0,0,0,0,0,0,0,1,0,0,0,0,0
GRCA.N4D,N4D,GRCA,18,17,0.9444444444444444,NA,NA,NA,NA,2,NA,No_change-present,1,1,1,1,1,1,0,1,1,1,1,1,1,1,1,1,1,1
GRSP.N4D,N4D,GRSP,18,17,0.9444444444444444,NA,NA,NA,NA,2,NA,No_change-present,1,1,1,1,1,1,1,1,1,0,1,1,1,1,1,1,1,1
HOWR.N4D,N4D,HOWR,18,5,0.2777777777777778,1,0.3333333333333333,0.2222222222222222,0.8628990043839045,9,0,Random,1,0,0,0,1,0,0,1,0,1,0,0,1,0,0,0,0,0
MODO.N4D,N4D,MODO,18,12,0.6666666666666666,1,0.6666666666666666,0.6666666666666666,0.5,8,0,Random,1,1,1,1,0,1,0,0,1,1,1,1,0,0,1,1,0,1
NOBO.N4D,N4D,NOBO,18,17,0.9444444444444444,NA,NA,NA,NA,2,NA,No_change-present,1,1,1,1,1,1,1,0,1,1,1,1,1,1,1,1,1,1
NOCA.N4D,N4D,NOCA,18,9,0.5,1,0.4444444444444444,0.5555555555555556,0.6864854532768314,10,0,Random,1,0,1,0,0,0,1,0,1,0,0,1,1,1,1,0,0,1
OROR.N4D,N4D,OROR,18,3,0.16666666666666666,1,0.2222222222222222,0.1111111111111111,0.03259820953906502,3,0,Recurrent,1,1,0,0,0,0,0,0,0,0,0,0,0,0,1,0,0,0
AMRO.1D,1D,AMRO,18,1,0.05555555555555555,NA,NA,NA,NA,2,NA,Rare,0,1,0,0,0,0,0,0,0,0,0,0,0,0,0,0,0,0
ATSP.1D,1D,ATSP,18,3,0.16666666666666666,1,0.1111111111111111,0.2222222222222222,0.1782761688836302,4,0,Random,0,1,0,0,0,0,0,0,0,0,1,1,0,0,0,0,0,0
MODO.1D,1D,MODO,18,13,0.7222222222222222,1,0.7777777777777778,0.6666666666666666,0.6838096445413662,8,0,Random,0,1,1,1,1,1,1,1,0,1,0,1,0,1,1,1,1,0
NOFL.1D,1D,NOFL,18,1,0.05555555555555555,NA,NA,NA,NA,2,NA,Rare,0,1,0,0,0,0,0,0,0,0,0,0,0,0,0,0,0,0
UPSA.1D,1D,UPSA,18,13,0.7222222222222222,1,0.6666666666666666,0.7777777777777778,0.08584459620086143,5,0,Random,0,1,1,1,0,0,1,1,1,1,1,1,1,1,1,0,0,1
RWBL.20B,20B,RWBL,18,5,0.2777777777777778,0.2925841402738329,0.4444444444444444,0.1111111111111111,0.6838096445413662,8,0,Random,0,1,1,0,0,1,0,1,0,0,1,0,0,0,0,0,0,0
SOSP.20B,20B,SOSP,18,1,0.05555555555555555,NA,NA,NA,NA,2,NA,Rare,0,1,0,0,0,0,0,0,0,0,0,0,0,0,0,0,0,0
AMGO.4A,4A,AMGO,18,7,0.3888888888888889,1,0.4444444444444444,0.3333333333333333,0.7705755855972882,10,0,Random,0,1,0,0,1,1,0,0,1,1,0,0,0,1,0,0,1,0
BAOR.4A,4A,BAOR,18,1,0.05555555555555555,NA,NA,NA,NA,2,NA,Rare,0,1,0,0,0,0,0,0,0,0,0,0,0,0,0,0,0,0
BEVI.4A,4A,BEVI,18,16,0.8888888888888888,0.4532547047537364,0.7777777777777778,1,0.2236576445221517,3,0,Random,0,1,1,1,0,1,1,1,1,1,1,1,1,1,1,1,1,1
BRTH.4A,4A,BRTH,18,8,0.4444444444444444,0.6352562959972483,0.3333333333333333,0.5555555555555556,0.07745418017215297,6,0,Random,0,1,1,1,0,0,0,0,0,1,1,1,1,0,1,0,0,0
COYE.4A,4A,COYE,18,11,0.6111111111111112,1,0.5555555555555556,0.6666666666666666,0.5901462310851059,9,0,Random,0,1,1,0,0,1,0,1,1,1,0,1,1,0,0,1,1,1
UPSA.4A,4A,UPSA,18,9,0.5,0.3457785861511603,0.6666666666666666,0.3333333333333333,0.1655687296344852,7,0,Random,0,1,1,1,0,0,1,1,1,0,0,0,0,1,1,0,0,1
AMGO.4B,4B,AMGO,18,8,0.4444444444444444,0.6352562959972483,0.3333333333333333,0.5555555555555556,0.027760436458863356,5,0,Recurrent,0,1,1,1,0,0,0,0,0,0,0,0,1,1,1,1,0,1
GRCA.4B,4B,GRCA,18,12,0.6666666666666666,0.6170750774519739,0.5555555555555556,0.7777777777777778,0.7091739648223484,9,0,Random,0,1,0,0,1,1,1,1,0,1,1,0,1,1,1,0,1,1
HOWR.4B,4B,HOWR,18,5,0.2777777777777778,0.2925841402738329,0.4444444444444444,0.1111111111111111,0.6838096445413662,8,0,Random,0,1,1,0,0,0,1,0,1,0,0,1,0,0,0,0,0,0
MODO.4B,4B,MODO,18,13,0.7222222222222222,0.2925841402738329,0.5555555555555556,0.8888888888888888,0.4456420193801202,7,0,Random,0,1,0,0,1,1,0,1,1,0,1,1,1,1,1,1,1,1
NOFL.4B,4B,NOFL,18,3,0.16666666666666666,1,0.1111111111111111,0.2222222222222222,0.8217238311163698,6,0,Random,0,1,0,0,0,0,0,0,0,0,1,0,0,1,0,0,0,0
RNEP.4B,4B,RNEP,18,6,0.3333333333333333,1,0.3333333333333333,0.3333333333333333,0.5,8,0,Random,0,1,0,0,0,0,1,1,0,0,0,1,1,0,0,1,0,0
UPSA.4B,4B,UPSA,18,12,0.6666666666666666,0.6170750774519739,0.7777777777777778,0.5555555555555556,0.5,8,0,Random,0,1,1,1,1,1,1,0,1,1,1,1,0,1,0,1,0,0
ATSP.N1B,N1B,ATSP,18,4,0.2222222222222222,0.5707503880581739,0.1111111111111111,0.3333333333333333,0.713137456144415,7,0,Random,0,1,0,0,0,0,0,0,0,0,0,1,0,0,0,1,0,1
EAKI.N1B,N1B,EAKI,18,2,0.1111111111111111,0.4532547047537364,0.2222222222222222,0,0.016680333026347412,2,0,Random,0,1,1,0,0,0,0,0,0,0,0,0,0,0,0,0,0,0
AMCR.N20B,N20B,AMCR,18,7,0.3888888888888889,1,0.4444444444444444,0.3333333333333333,0.3878598259222346,8,0,Random,0,1,0,0,0,1,0,1,1,1,1,0,0,1,0,0,0,0
AMGO.N20B,N20B,AMGO,18,14,0.7777777777777778,0.08897301170181332,0.5555555555555556,1,0.18833605346048377,5,0,Random,0,1,0,1,1,0,0,1,1,1,1,1,1,1,1,1,1,1
ATSP.N20B,N20B,ATSP,18,8,0.4444444444444444,0.15472892348537878,0.2222222222222222,0.6666666666666666,0.33081513412468533,8,0,Random,0,1,0,0,0,0,0,1,0,0,1,0,1,1,1,1,1,0
GHOW.N20B,N20B,GHOW,18,1,0.05555555555555555,NA,NA,NA,NA,2,NA,Rare,0,1,0,0,0,0,0,0,0,0,0,0,0,0,0,0,0,0
MODO.N20B,N20B,MODO,18,12,0.6666666666666666,1,0.6666666666666666,0.6666666666666666,0.2908260351776516,7,0,Random,0,1,1,1,0,0,1,1,1,1,0,1,1,1,0,0,1,1
NOFL.N20B,N20B,NOFL,18,6,0.3333333333333333,0.13361440253771517,0.1111111111111111,0.5555555555555556,0.1352425025510212,6,0,Random,0,1,0,0,0,0,0,0,0,0,1,1,1,1,0,1,0,0
RNEP.N20B,N20B,RNEP,18,7,0.3888888888888889,0.3335502541119047,0.5555555555555556,0.2222222222222222,0.09500549032361279,6,0,Random,0,1,1,0,0,0,1,1,1,1,0,1,0,0,0,0,0,0
AMCR.N4B,N4B,AMCR,18,5,0.2777777777777778,1,0.2222222222222222,0.3333333333333333,0.6838096445413662,8,0,Random,0,1,0,0,0,0,0,1,0,1,1,0,0,0,1,0,0,0
ATSP.N4B,N4B,ATSP,18,9,0.5,0.0593464387919201,0.2222222222222222,0.7777777777777778,0.1655687296344852,7,0,Random,0,1,0,0,0,0,0,1,0,1,1,0,0,1,1,1,1,1
EABL.N4B,N4B,EABL,18,5,0.2777777777777778,1,0.2222222222222222,0.3333333333333333,0.9562277571670506,10,0,Random,0,1,0,0,0,0,0,0,1,0,1,0,0,1,0,1,0,0
MODO.N4B,N4B,MODO,18,6,0.3333333333333333,1,0.3333333333333333,0.3333333333333333,0.8647574974489788,10,0,Random,0,1,1,0,0,1,0,0,0,0,0,1,0,1,0,0,1,0
NOFL.N4B,N4B,NOFL,18,2,0.1111111111111111,1,0.1111111111111111,0.1111111111111111,0.7283793213393187,4,0,Random,0,1,0,0,0,0,0,0,0,0,0,0,0,1,0,0,0,0
RBWO.N4B,N4B,RBWO,18,4,0.2222222222222222,1,0.2222222222222222,0.2222222222222222,0.9007580750691969,8,0,Random,0,1,0,0,0,0,0,0,1,0,1,0,0,0,0,0,1,0
RHWO.N4B,N4B,RHWO,18,1,0.05555555555555555,NA,NA,NA,NA,2,NA,Rare,0,1,0,0,0,0,0,0,0,0,0,0,0,0,0,0,0,0
AMCR.N4D,N4D,AMCR,18,6,0.3333333333333333,0.13361440253771517,0.5555555555555556,0.1111111111111111,0.5,8,0,Random,0,1,1,0,1,0,1,1,0,0,0,1,0,0,0,0,0,0
AMRO.N4D,N4D,AMRO,18,4,0.2222222222222222,1,0.2222222222222222,0.2222222222222222,0.18833605346048377,5,0,Random,0,1,1,0,0,0,0,0,0,0,0,0,0,0,0,1,0,1
BCCH.N4D,N4D,BCCH,18,10,0.5555555555555556,0.6352562959972483,0.4444444444444444,0.6666666666666666,0.5218144247155584,9,0,Random,0,1,0,0,1,0,1,1,0,0,0,1,1,0,1,1,1,1
CONI.N4D,N4D,CONI,18,5,0.2777777777777778,1,0.3333333333333333,0.2222222222222222,0.22610434285683928,6,0,Random,0,1,0,1,1,0,0,0,0,0,0,0,0,1,1,0,0,0
EABL.N4D,N4D,EABL,18,6,0.3333333333333333,0.6170750774519739,0.2222222222222222,0.4444444444444444,0.00293581044679882,3,0,Recurrent,0,1,1,0,0,0,0,0,0,0,0,0,0,0,1,1,1,1
HESP.N4D,N4D,HESP,18,1,0.05555555555555555,NA,NA,NA,NA,2,NA,Rare,0,1,0,0,0,0,0,0,0,0,0,0,0,0,0,0,0,0
UPSA.N4D,N4D,UPSA,18,16,0.8888888888888888,0.4532547047537364,0.7777777777777778,1,0.2236576445221517,3,0,Random,0,1,1,1,0,1,1,1,1,1,1,1,1,1,1,1,1,1
NOHA.1D,1D,NOHA,18,7,0.3888888888888889,0.053116187722430326,0.1111111111111111,0.6666666666666666,0.09500549032361279,6,0,Random,0,0,1,0,0,0,0,0,0,0,1,1,1,1,0,1,1,0
RHWO.1D,1D,RHWO,18,1,0.05555555555555555,NA,NA,NA,NA,2,NA,Rare,0,0,1,0,0,0,0,0,0,0,0,0,0,0,0,0,0,0
RLHA.1D,1D,RLHA,18,1,0.05555555555555555,NA,NA,NA,NA,2,NA,Rare,0,0,1,0,0,0,0,0,0,0,0,0,0,0,0,0,0,0
SEOW.1D,1D,SEOW,18,1,0.05555555555555555,NA,NA,NA,NA,2,NA,Rare,0,0,1,0,0,0,0,0,0,0,0,0,0,0,0,0,0,0
AMGO.20B,20B,AMGO,18,15,0.8333333333333334,1,0.7777777777777778,0.8888888888888888,0.03259820953906502,3,0,Recurrent,0,0,1,1,1,1,1,1,1,1,1,0,1,1,1,1,1,1
FISP.20B,20B,FISP,18,14,0.7777777777777778,0.5707503880581739,0.6666666666666666,0.8888888888888888,0.18833605346048377,5,0,Random,0,0,1,1,1,1,1,1,0,1,1,1,1,1,1,1,0,1
GRCA.20B,20B,GRCA,18,15,0.8333333333333334,0.20590321073206838,0.6666666666666666,1,0.03259820953906502,3,0,Recurrent,0,0,1,0,1,1,1,1,1,1,1,1,1,1,1,1,1,1
HESP.20B,20B,HESP,18,2,0.1111111111111111,0.4532547047537364,0.2222222222222222,0,0.016680333026347412,2,0,Random,0,0,1,1,0,0,0,0,0,0,0,0,0,0,0,0,0,0
HOWR.20B,20B,HOWR,18,7,0.3888888888888889,1,0.3333333333333333,0.4444444444444444,0.5901462310851059,9,0,Random,0,0,1,0,0,0,0,1,1,0,1,0,1,0,0,0,1,1
RLHA.20B,20B,RLHA,18,1,0.05555555555555555,NA,NA,NA,NA,2,NA,Rare,0,0,1,0,0,0,0,0,0,0,0,0,0,0,0,0,0,0
YEWA.20B,20B,YEWA,18,6,0.3333333333333333,0.6170750774519739,0.2222222222222222,0.4444444444444444,0.7091739648223484,9,0,Random,0,0,1,0,0,1,0,0,0,0,1,0,0,0,1,0,1,1
BLGR.4A,4A,BLGR,18,2,0.1111111111111111,1,0.1111111111111111,0.1111111111111111,0.7283793213393187,4,0,Random,0,0,1,0,0,0,0,0,0,0,0,0,0,0,0,1,0,0
OROR.4B,4B,OROR,18,1,0.05555555555555555,NA,NA,NA,NA,2,NA,Rare,0,0,1,0,0,0,0,0,0,0,0,0,0,0,0,0,0,0
RWBL.4B,4B,RWBL,18,5,0.2777777777777778,1,0.2222222222222222,0.3333333333333333,0.9562277571670506,10,0,Random,0,0,1,0,0,0,0,1,0,0,0,1,0,1,0,0,1,0
GRSP.N1B,N1B,GRSP,18,14,0.7777777777777778,0.5707503880581739,0.6666666666666666,0.8888888888888888,0.18833605346048377,5,0,Random,0,0,1,0,1,1,1,1,1,1,0,1,1,1,1,1,1,1
MODO.N1B,N1B,MODO,18,6,0.3333333333333333,0.6170750774519739,0.4444444444444444,0.2222222222222222,0.5,8,0,Random,0,0,1,0,1,1,0,0,1,0,0,0,0,0,0,1,1,0
RTHA.N1B,N1B,RTHA,18,2,0.1111111111111111,1,0.1111111111111111,0.1111111111111111,0.7283793213393187,4,0,Random,0,0,1,0,0,0,0,0,0,0,0,0,0,0,0,0,1,0
CONI.N20B,N20B,CONI,18,1,0.05555555555555555,NA,NA,NA,NA,2,NA,Rare,0,0,1,0,0,0,0,0,0,0,0,0,0,0,0,0,0,0
GCFL.N20B,N20B,GCFL,18,3,0.16666666666666666,0.20590321073206838,0.3333333333333333,0,0.8217238311163698,6,0,Random,0,0,1,0,0,1,0,0,1,0,0,0,0,0,0,0,0,0
NOCA.N20B,N20B,NOCA,18,11,0.6111111111111112,0.3335502541119047,0.7777777777777778,0.4444444444444444,0.009740623289426098,4,0,Recurrent,0,0,1,1,1,1,1,1,1,0,0,0,1,1,1,1,0,0
UPSA.N20B,N20B,UPSA,18,15,0.8333333333333334,1,0.7777777777777778,0.8888888888888888,0.03259820953906502,3,0,Recurrent,0,0,1,1,1,1,1,1,1,1,1,1,1,1,1,1,0,1
YBCU.N20B,N20B,YBCU,18,9,0.5,0.0593464387919201,0.2222222222222222,0.7777777777777778,0.1655687296344852,7,0,Random,0,0,1,0,0,0,0,1,0,0,1,1,1,0,1,1,1,1
AMGO.N4B,N4B,AMGO,18,9,0.5,1,0.4444444444444444,0.5555555555555556,0.5,9,0,Random,0,0,1,0,1,1,1,0,0,1,0,1,1,0,0,0,1,1
GHOW.N4B,N4B,GHOW,18,2,0.1111111111111111,1,0.1111111111111111,0.1111111111111111,0.7283793213393187,4,0,Random,0,0,1,0,0,0,0,0,0,0,0,0,1,0,0,0,0,0
NOHA.N4B,N4B,NOHA,18,1,0.05555555555555555,NA,NA,NA,NA,2,NA,Rare,0,0,1,0,0,0,0,0,0,0,0,0,0,0,0,0,0,0
SEWR.N4B,N4B,SEWR,18,1,0.05555555555555555,NA,NA,NA,NA,2,NA,Rare,0,0,1,0,0,0,0,0,0,0,0,0,0,0,0,0,0,0
BLGR.N4D,N4D,BLGR,18,2,0.1111111111111111,1,0.1111111111111111,0.1111111111111111,0.2236576445221517,3,0,Random,0,0,1,0,0,0,0,0,0,0,0,0,0,0,0,0,0,1
GCFL.N4D,N4D,GCFL,18,7,0.3888888888888889,1,0.3333333333333333,0.4444444444444444,0.5901462310851059,9,0,Random,0,0,1,0,0,1,0,0,1,1,0,0,0,0,1,0,1,1
NOFL.N4D,N4D,NOFL,18,3,0.16666666666666666,0.20590321073206838,0.3333333333333333,0,0.1782761688836302,4,0,Random,0,0,1,0,0,0,1,1,0,0,0,0,0,0,0,0,0,0
GHOW.1D,1D,GHOW,18,1,0.05555555555555555,NA,NA,NA,NA,2,NA,Rare,0,0,0,1,0,0,0,0,0,0,0,0,0,0,0,0,0,0
RTHA.20B,20B,RTHA,18,2,0.1111111111111111,1,0.1111111111111111,0.1111111111111111,0.7283793213393187,4,0,Random,0,0,0,1,0,0,0,0,0,0,0,0,0,0,0,1,0,0
NOCA.4A,4A,NOCA,18,3,0.16666666666666666,1,0.2222222222222222,0.1111111111111111,0.5,5,0,Random,0,0,0,1,0,1,0,0,0,0,0,0,0,0,0,0,0,1
AMRO.4B,4B,AMRO,18,3,0.16666666666666666,1,0.1111111111111111,0.2222222222222222,0.1782761688836302,4,0,Random,0,0,0,1,0,0,0,0,0,0,0,0,0,0,1,1,0,0
NOFL.N1B,N1B,NOFL,18,2,0.1111111111111111,1,0.1111111111111111,0.1111111111111111,0.7283793213393187,4,0,Random,0,0,0,1,0,0,0,0,0,0,0,0,1,0,0,0,0,0
PISI.N4D,N4D,PISI,18,1,0.05555555555555555,NA,NA,NA,NA,2,NA,Rare,0,0,0,1,0,0,0,0,0,0,0,0,0,0,0,0,0,0
RNEP.N4D,N4D,RNEP,18,4,0.2222222222222222,0.5707503880581739,0.3333333333333333,0.1111111111111111,0.4361509065077108,6,0,Random,0,0,0,1,0,0,0,1,1,0,0,1,0,0,0,0,0,0
AMCR.20B,20B,AMCR,18,2,0.1111111111111111,0.4532547047537364,0.2222222222222222,0,0.7283793213393187,4,0,Random,0,0,0,0,1,0,0,0,1,0,0,0,0,0,0,0,0,0
NOHA.20B,20B,NOHA,18,2,0.1111111111111111,1,0.1111111111111111,0.1111111111111111,0.7283793213393187,4,0,Random,0,0,0,0,1,0,0,0,0,0,0,0,0,0,0,0,1,0
GRCA.4A,4A,GRCA,18,4,0.2222222222222222,0.5707503880581739,0.1111111111111111,0.3333333333333333,0.9007580750691969,8,0,Random,0,0,0,0,1,0,0,0,0,0,0,1,0,1,0,0,1,0
HESP.4A,4A,HESP,18,4,0.2222222222222222,0.5707503880581739,0.3333333333333333,0.1111111111111111,0.4361509065077108,6,0,Random,0,0,0,0,1,1,0,0,1,0,0,0,0,0,0,0,1,0
BAOR.4B,4B,BAOR,18,3,0.16666666666666666,1,0.2222222222222222,0.1111111111111111,0.8217238311163698,6,0,Random,0,0,0,0,1,0,1,0,0,0,0,0,0,1,0,0,0,0
AMGO.N1B,N1B,AMGO,18,4,0.2222222222222222,1,0.2222222222222222,0.2222222222222222,0.4361509065077108,6,0,Random,0,0,0,0,1,0,1,0,0,0,0,0,0,0,0,1,1,0
CONI.N1B,N1B,CONI,18,4,0.2222222222222222,0.5707503880581739,0.3333333333333333,0.1111111111111111,0.05398837609926968,4,0,Random,0,0,0,0,1,1,1,0,0,0,0,0,0,0,0,1,0,0
AMRO.N20B,N20B,AMRO,18,4,0.2222222222222222,0.5707503880581739,0.1111111111111111,0.3333333333333333,0.05398837609926968,4,0,Random,0,0,0,0,1,0,0,0,0,0,0,0,0,1,1,1,0,0
HOWR.N20B,N20B,HOWR,18,4,0.2222222222222222,0.5707503880581739,0.3333333333333333,0.1111111111111111,0.4361509065077108,6,0,Random,0,0,0,0,1,1,0,1,0,0,0,0,0,1,0,0,0,0
NSHR.N20B,N20B,NSHR,18,1,0.05555555555555555,NA,NA,NA,NA,2,NA,Rare,0,0,0,0,1,0,0,0,0,0,0,0,0,0,0,0,0,0
COHA.N4B,N4B,COHA,18,1,0.05555555555555555,NA,NA,NA,NA,2,NA,Rare,0,0,0,0,1,0,0,0,0,0,0,0,0,0,0,0,0,0
OROR.N4B,N4B,OROR,18,2,0.1111111111111111,1,0.1111111111111111,0.1111111111111111,0.2236576445221517,3,0,Random,0,0,0,0,1,0,0,0,0,0,0,0,0,0,0,0,0,1
BLJA.4B,4B,BLJA,18,2,0.1111111111111111,0.4532547047537364,0.2222222222222222,0,0.7283793213393187,4,0,Random,0,0,0,0,0,1,0,1,0,0,0,0,0,0,0,0,0,0
GCFL.4B,4B,GCFL,18,2,0.1111111111111111,1,0.1111111111111111,0.1111111111111111,0.7283793213393187,4,0,Random,0,0,0,0,0,1,0,0,0,0,0,0,1,0,0,0,0,0
AMCR.N1B,N1B,AMCR,18,1,0.05555555555555555,NA,NA,NA,NA,2,NA,Rare,0,0,0,0,0,1,0,0,0,0,0,0,0,0,0,0,0,0
COPO.N4B,N4B,COPO,18,2,0.1111111111111111,1,0.1111111111111111,0.1111111111111111,0.7283793213393187,4,0,Random,0,0,0,0,0,1,0,0,0,0,0,1,0,0,0,0,0,0
BARS.1D,1D,BARS,18,5,0.2777777777777778,1,0.2222222222222222,0.3333333333333333,0.4456420193801202,7,0,Random,0,0,0,0,0,0,1,1,0,0,0,0,0,1,0,1,0,1
CONI.20B,20B,CONI,18,1,0.05555555555555555,NA,NA,NA,NA,2,NA,Rare,0,0,0,0,0,0,1,0,0,0,0,0,0,0,0,0,0,0
UPSA.20B,20B,UPSA,18,3,0.16666666666666666,0.20590321073206838,0.3333333333333333,0,0.002838616069079652,2,0,Random,0,0,0,0,0,0,1,1,1,0,0,0,0,0,0,0,0,0
WEKI.20B,20B,WEKI,18,1,0.05555555555555555,NA,NA,NA,NA,2,NA,Rare,0,0,0,0,0,0,1,0,0,0,0,0,0,0,0,0,0,0
GRPC.4B,4B,GRPC,18,2,0.1111111111111111,0.4532547047537364,0.2222222222222222,0,0.7283793213393187,4,0,Random,0,0,0,0,0,0,1,0,1,0,0,0,0,0,0,0,0,0
RTHA.4B,4B,RTHA,18,1,0.05555555555555555,NA,NA,NA,NA,2,NA,Rare,0,0,0,0,0,0,1,0,0,0,0,0,0,0,0,0,0,0
SUTA.4B,4B,SUTA,18,2,0.1111111111111111,1,0.1111111111111111,0.1111111111111111,0.7283793213393187,4,0,Random,0,0,0,0,0,0,1,0,0,1,0,0,0,0,0,0,0,0
RNEP.N1B,N1B,RNEP,18,4,0.2222222222222222,0.5707503880581739,0.1111111111111111,0.3333333333333333,0.9007580750691969,8,0,Random,0,0,0,0,0,0,1,0,0,1,0,1,0,1,0,0,0,0
BCCH.N20B,N20B,BCCH,18,7,0.3888888888888889,0.3335502541119047,0.2222222222222222,0.5555555555555556,0.21251532639246387,7,0,Random,0,0,0,0,0,0,1,0,1,1,0,0,0,1,0,1,1,1
CHSW.N20B,N20B,CHSW,18,1,0.05555555555555555,NA,NA,NA,NA,2,NA,Rare,0,0,0,0,0,0,1,0,0,0,0,0,0,0,0,0,0,0
HESP.N20B,N20B,HESP,18,4,0.2222222222222222,0.5707503880581739,0.3333333333333333,0.1111111111111111,0.0011291640970487059,2,0,Random,0,0,0,0,0,0,1,1,1,1,0,0,0,0,0,0,0,0
INBU.N20B,N20B,INBU,18,9,0.5,0.004677734981047268,0.1111111111111111,0.8888888888888888,NA,5,1,Increasing,0,0,0,0,0,0,1,0,0,1,1,1,1,1,0,1,1,1
BCCH.N4B,N4B,BCCH,18,6,0.3333333333333333,0.13361440253771517,0.1111111111111111,0.5555555555555556,0.7091739648223484,9,0,Random,0,0,0,0,0,0,1,0,0,1,1,0,1,0,0,1,0,1
NOCA.N4B,N4B,NOCA,18,5,0.2777777777777778,1,0.2222222222222222,0.3333333333333333,0.9562277571670506,10,0,Random,0,0,0,0,0,0,1,0,1,0,1,0,1,0,0,1,0,0
GOEA.N4D,N4D,GOEA,18,1,0.05555555555555555,NA,NA,NA,NA,2,NA,Rare,0,0,0,0,0,0,1,0,0,0,0,0,0,0,0,0,0,0
LASP.N4D,N4D,LASP,18,5,0.2777777777777778,0.2925841402738329,0.1111111111111111,0.4444444444444444,0.08584459620086143,5,0,Random,0,0,0,0,0,0,1,0,0,0,0,0,0,1,1,1,0,1
CONI.1D,1D,CONI,18,3,0.16666666666666666,1,0.2222222222222222,0.1111111111111111,0.1782761688836302,4,0,Random,0,0,0,0,0,0,0,1,1,0,0,0,0,0,1,0,0,0
KILL.1D,1D,KILL,18,1,0.05555555555555555,NA,NA,NA,NA,2,NA,Rare,0,0,0,0,0,0,0,1,0,0,0,0,0,0,0,0,0,0
LOSH.20B,20B,LOSH,18,1,0.05555555555555555,NA,NA,NA,NA,2,NA,Rare,0,0,0,0,0,0,0,1,0,0,0,0,0,0,0,0,0,0
ATSP.4A,4A,ATSP,18,5,0.2777777777777778,0.2925841402738329,0.1111111111111111,0.4444444444444444,0.8628990043839045,9,0,Random,0,0,0,0,0,0,0,1,0,0,1,0,0,1,0,1,0,1
HOWR.4A,4A,HOWR,18,1,0.05555555555555555,NA,NA,NA,NA,2,NA,Rare,0,0,0,0,0,0,0,1,0,0,0,0,0,0,0,0,0,0
AMCR.4B,4B,AMCR,18,4,0.2222222222222222,1,0.2222222222222222,0.2222222222222222,0.4361509065077108,6,0,Random,0,0,0,0,0,0,0,1,1,0,1,0,1,0,0,0,0,0
ATSP.4B,4B,ATSP,18,5,0.2777777777777778,0.2925841402738329,0.1111111111111111,0.4444444444444444,0.023747763912350332,4,0,Recurrent,0,0,0,0,0,0,0,1,0,0,0,0,1,1,1,1,0,0
SOSP.4B,4B,SOSP,18,1,0.05555555555555555,NA,NA,NA,NA,2,NA,Rare,0,0,0,0,0,0,0,1,0,0,0,0,0,0,0,0,0,0
BARS.N20B,N20B,BARS,18,1,0.05555555555555555,NA,NA,NA,NA,2,NA,Rare,0,0,0,0,0,0,0,1,0,0,0,0,0,0,0,0,0,0
BEWR.N20B,N20B,BEWR,18,1,0.05555555555555555,NA,NA,NA,NA,2,NA,Rare,0,0,0,0,0,0,0,1,0,0,0,0,0,0,0,0,0,0
RWBL.N20B,N20B,RWBL,18,2,0.1111111111111111,1,0.1111111111111111,0.1111111111111111,0.7283793213393187,4,0,Random,0,0,0,0,0,0,0,1,0,0,0,0,0,1,0,0,0,0
CONI.N4B,N4B,CONI,18,2,0.1111111111111111,1,0.1111111111111111,0.1111111111111111,0.7283793213393187,4,0,Random,0,0,0,0,0,0,0,1,0,0,0,0,0,0,0,1,0,0
KILL.N4B,N4B,KILL,18,1,0.05555555555555555,NA,NA,NA,NA,2,NA,Rare,0,0,0,0,0,0,0,1,0,0,0,0,0,0,0,0,0,0
LASP.N4B,N4B,LASP,18,5,0.2777777777777778,1,0.2222222222222222,0.3333333333333333,0.22610434285683928,6,0,Random,0,0,0,0,0,0,0,1,1,1,0,0,0,1,0,0,1,0
SOSP.N4D,N4D,SOSP,18,1,0.05555555555555555,NA,NA,NA,NA,2,NA,Rare,0,0,0,0,0,0,0,1,0,0,0,0,0,0,0,0,0,0
CONI.4B,4B,CONI,18,4,0.2222222222222222,0.5707503880581739,0.1111111111111111,0.3333333333333333,0.713137456144415,7,0,Random,0,0,0,0,0,0,0,0,1,0,0,1,0,0,0,1,0,1
YEWA.N20B,N20B,YEWA,18,1,0.05555555555555555,NA,NA,NA,NA,2,NA,Rare,0,0,0,0,0,0,0,0,1,0,0,0,0,0,0,0,0,0
BLJA.N4B,N4B,BLJA,18,2,0.1111111111111111,1,0.1111111111111111,0.1111111111111111,0.7283793213393187,4,0,Random,0,0,0,0,0,0,0,0,1,0,0,0,0,0,0,0,1,0
TUTI.N4B,N4B,TUTI,18,3,0.16666666666666666,1,0.1111111111111111,0.2222222222222222,0.1782761688836302,4,0,Random,0,0,0,0,0,0,0,0,1,0,1,1,0,0,0,0,0,0
YBCU.N4D,N4D,YBCU,18,7,0.3888888888888889,0.053116187722430326,0.1111111111111111,0.6666666666666666,0.21251532639246387,7,0,Random,0,0,0,0,0,0,0,0,1,1,0,1,0,1,1,0,1,1
EATO.20B,20B,EATO,18,9,0.5,1.6244084518680108e-4,0,1,NA,1,1,Increasing,0,0,0,0,0,0,0,0,0,1,1,1,1,1,1,1,1,1
EATO.4A,4A,EATO,18,6,0.3333333333333333,0.012419330651552294,0,0.6666666666666666,NA,6,1,Increasing,0,0,0,0,0,0,0,0,0,1,1,1,1,0,1,0,1,0
EATO.4B,4B,EATO,18,4,0.2222222222222222,0.08897301170181332,0,0.4444444444444444,0.18833605346048377,5,0,Random,0,0,0,0,0,0,0,0,0,1,1,0,0,0,0,1,0,1
COYE.N1B,N1B,COYE,18,2,0.1111111111111111,0.4532547047537364,0,0.2222222222222222,0.7283793213393187,4,0,Random,0,0,0,0,0,0,0,0,0,1,0,0,1,0,0,0,0,0
INBU.N1B,N1B,INBU,18,1,0.05555555555555555,NA,NA,NA,NA,2,NA,Rare,0,0,0,0,0,0,0,0,0,1,0,0,0,0,0,0,0,0
YBCU.N1B,N1B,YBCU,18,2,0.1111111111111111,0.4532547047537364,0,0.2222222222222222,0.7283793213393187,4,0,Random,0,0,0,0,0,0,0,0,0,1,0,0,0,0,1,0,0,0
BGGN.N20B,N20B,BGGN,18,6,0.3333333333333333,0.012419330651552294,0,0.6666666666666666,NA,5,1,Increasing,0,0,0,0,0,0,0,0,0,1,0,0,1,1,1,1,0,1
EATO.N20B,N20B,EATO,18,9,0.5,1.6244084518680108e-4,0,1,NA,1,1,Increasing,0,0,0,0,0,0,0,0,0,1,1,1,1,1,1,1,1,1
GRPC.N4B,N4B,GRPC,18,2,0.1111111111111111,0.4532547047537364,0,0.2222222222222222,0.7283793213393187,4,0,Random,0,0,0,0,0,0,0,0,0,1,0,1,0,0,0,0,0,0
EATO.N4D,N4D,EATO,18,8,0.4444444444444444,8.989127881140903e-4,0,0.8888888888888888,NA,3,1,Increasing,0,0,0,0,0,0,0,0,0,1,0,1,1,1,1,1,1,1
INBU.N4D,N4D,INBU,18,5,0.2777777777777778,0.03529659684140806,0,0.5555555555555556,NA,5,1,Increasing,0,0,0,0,0,0,0,0,0,1,0,0,0,1,0,1,1,1
KEWA.N4D,N4D,KEWA,18,1,0.05555555555555555,NA,NA,NA,NA,2,NA,Rare,0,0,0,0,0,0,0,0,0,1,0,0,0,0,0,0,0,0
COGR.20B,20B,COGR,18,2,0.1111111111111111,0.4532547047537364,0,0.2222222222222222,0.7283793213393187,4,0,Random,0,0,0,0,0,0,0,0,0,0,1,0,0,0,0,1,0,0
YBCU.20B,20B,YBCU,18,3,0.16666666666666666,0.20590321073206838,0,0.3333333333333333,0.5,5,0,Random,0,0,0,0,0,0,0,0,0,0,1,0,1,0,0,0,0,1
NOHA.4A,4A,NOHA,18,2,0.1111111111111111,0.4532547047537364,0,0.2222222222222222,0.7283793213393187,4,0,Random,0,0,0,0,0,0,0,0,0,0,1,0,0,0,0,1,0,0
DOWO.4B,4B,DOWO,18,2,0.1111111111111111,0.4532547047537364,0,0.2222222222222222,0.7283793213393187,4,0,Random,0,0,0,0,0,0,0,0,0,0,1,0,0,0,1,0,0,0
HOWR.N1B,N1B,HOWR,18,1,0.05555555555555555,NA,NA,NA,NA,2,NA,Rare,0,0,0,0,0,0,0,0,0,0,1,0,0,0,0,0,0,0
BLJA.N20B,N20B,BLJA,18,1,0.05555555555555555,NA,NA,NA,NA,2,NA,Rare,0,0,0,0,0,0,0,0,0,0,1,0,0,0,0,0,0,0
CARW.N20B,N20B,CARW,18,1,0.05555555555555555,NA,NA,NA,NA,2,NA,Rare,0,0,0,0,0,0,0,0,0,0,1,0,0,0,0,0,0,0
DOWO.N20B,N20B,DOWO,18,3,0.16666666666666666,0.20590321073206838,0,0.3333333333333333,0.8217238311163698,6,0,Random,0,0,0,0,0,0,0,0,0,0,1,0,0,0,1,0,1,0
SUTA.N20B,N20B,SUTA,18,1,0.05555555555555555,NA,NA,NA,NA,2,NA,Rare,0,0,0,0,0,0,0,0,0,0,1,0,0,0,0,0,0,0
EAWP.N4B,N4B,EAWP,18,2,0.1111111111111111,0.4532547047537364,0,0.2222222222222222,0.7283793213393187,4,0,Random,0,0,0,0,0,0,0,0,0,0,1,0,0,0,0,1,0,0
HAWO.N4B,N4B,HAWO,18,1,0.05555555555555555,NA,NA,NA,NA,2,NA,Rare,0,0,0,0,0,0,0,0,0,0,1,0,0,0,0,0,0,0
YBCU.N4B,N4B,YBCU,18,4,0.2222222222222222,0.08897301170181332,0,0.4444444444444444,0.05398837609926968,4,0,Random,0,0,0,0,0,0,0,0,0,0,1,0,0,0,1,1,1,0
WITU.N4D,N4D,WITU,18,2,0.1111111111111111,0.4532547047537364,0,0.2222222222222222,0.7283793213393187,4,0,Random,0,0,0,0,0,0,0,0,0,0,1,0,0,0,1,0,0,0
YEWA.N4D,N4D,YEWA,18,2,0.1111111111111111,0.4532547047537364,0,0.2222222222222222,0.2236576445221517,3,0,Random,0,0,0,0,0,0,0,0,0,0,1,0,0,0,0,0,0,1
ACFL.20B,20B,ACFL,18,1,0.05555555555555555,NA,NA,NA,NA,2,NA,Rare,0,0,0,0,0,0,0,0,0,0,0,1,0,0,0,0,0,0
BARS.4A,4A,BARS,18,5,0.2777777777777778,0.03529659684140806,0,0.5555555555555556,NA,3,1,Increasing,0,0,0,0,0,0,0,0,0,0,0,1,1,1,1,0,0,1
BLJA.4A,4A,BLJA,18,1,0.05555555555555555,NA,NA,NA,NA,2,NA,Rare,0,0,0,0,0,0,0,0,0,0,0,1,0,0,0,0,0,0
AMRO.N1B,N1B,AMRO,18,2,0.1111111111111111,0.4532547047537364,0,0.2222222222222222,0.7283793213393187,4,0,Random,0,0,0,0,0,0,0,0,0,0,0,1,0,0,0,1,0,0
BARS.N1B,N1B,BARS,18,1,0.05555555555555555,NA,NA,NA,NA,2,NA,Rare,0,0,0,0,0,0,0,0,0,0,0,1,0,0,0,0,0,0
EATO.N1B,N1B,EATO,18,3,0.16666666666666666,0.20590321073206838,0,0.3333333333333333,0.8217238311163698,6,0,Random,0,0,0,0,0,0,0,0,0,0,0,1,0,1,0,1,0,0
HOLA.N1B,N1B,HOLA,18,2,0.1111111111111111,0.4532547047537364,0,0.2222222222222222,0.7283793213393187,4,0,Random,0,0,0,0,0,0,0,0,0,0,0,1,0,0,0,1,0,0
LASP.N1B,N1B,LASP,18,3,0.16666666666666666,0.20590321073206838,0,0.3333333333333333,0.5,5,0,Random,0,0,0,0,0,0,0,0,0,0,0,1,0,0,1,0,0,1
EAPH.N20B,N20B,EAPH,18,1,0.05555555555555555,NA,NA,NA,NA,2,NA,Rare,0,0,0,0,0,0,0,0,0,0,0,1,0,0,0,0,0,0
BAOR.N4B,N4B,BAOR,18,1,0.05555555555555555,NA,NA,NA,NA,2,NA,Rare,0,0,0,0,0,0,0,0,0,0,0,1,0,0,0,0,0,0
EATO.N4B,N4B,EATO,18,2,0.1111111111111111,0.4532547047537364,0,0.2222222222222222,0.016680333026347412,2,0,Random,0,0,0,0,0,0,0,0,0,0,0,1,1,0,0,0,0,0
RNEP.N4B,N4B,RNEP,18,1,0.05555555555555555,NA,NA,NA,NA,2,NA,Rare,0,0,0,0,0,0,0,0,0,0,0,1,0,0,0,0,0,0
BGGN.N4D,N4D,BGGN,18,7,0.3888888888888889,0.0037201819306482897,0,0.7777777777777778,NA,1,1,Increasing,0,0,0,0,0,0,0,0,0,0,0,1,1,1,1,1,1,1
DOWO.N4D,N4D,DOWO,18,3,0.16666666666666666,0.20590321073206838,0,0.3333333333333333,0.1782761688836302,4,0,Random,0,0,0,0,0,0,0,0,0,0,0,1,0,0,1,1,0,0
SUTA.N4D,N4D,SUTA,18,1,0.05555555555555555,NA,NA,NA,NA,2,NA,Rare,0,0,0,0,0,0,0,0,0,0,0,1,0,0,0,0,0,0
BCCH.20B,20B,BCCH,18,2,0.1111111111111111,0.4532547047537364,0,0.2222222222222222,0.016680333026347412,2,0,Random,0,0,0,0,0,0,0,0,0,0,0,0,1,1,0,0,0,0
DOWO.20B,20B,DOWO,18,2,0.1111111111111111,0.4532547047537364,0,0.2222222222222222,0.7283793213393187,4,0,Random,0,0,0,0,0,0,0,0,0,0,0,0,1,0,0,0,1,0
EUST.20B,20B,EUST,18,1,0.05555555555555555,NA,NA,NA,NA,2,NA,Rare,0,0,0,0,0,0,0,0,0,0,0,0,1,0,0,0,0,0
INBU.20B,20B,INBU,18,5,0.2777777777777778,0.03529659684140806,0,0.5555555555555556,NA,3,1,Increasing,0,0,0,0,0,0,0,0,0,0,0,0,1,1,0,1,1,1
NOCA.20B,20B,NOCA,18,3,0.16666666666666666,0.20590321073206838,0,0.3333333333333333,0.1782761688836302,4,0,Random,0,0,0,0,0,0,0,0,0,0,0,0,1,1,0,1,0,0
WAVI.20B,20B,WAVI,18,1,0.05555555555555555,NA,NA,NA,NA,2,NA,Rare,0,0,0,0,0,0,0,0,0,0,0,0,1,0,0,0,0,0
CLSW.4A,4A,CLSW,18,1,0.05555555555555555,NA,NA,NA,NA,2,NA,Rare,0,0,0,0,0,0,0,0,0,0,0,0,1,0,0,0,0,0
NOFL.4A,4A,NOFL,18,2,0.1111111111111111,0.4532547047537364,0,0.2222222222222222,0.016680333026347412,2,0,Random,0,0,0,0,0,0,0,0,0,0,0,0,1,1,0,0,0,0
YBCU.4A,4A,YBCU,18,1,0.05555555555555555,NA,NA,NA,NA,2,NA,Rare,0,0,0,0,0,0,0,0,0,0,0,0,1,0,0,0,0,0
BARS.4B,4B,BARS,18,3,0.16666666666666666,0.20590321073206838,0,0.3333333333333333,0.1782761688836302,4,0,Random,0,0,0,0,0,0,0,0,0,0,0,0,1,1,0,0,1,0
RLHA.4B,4B,RLHA,18,1,0.05555555555555555,NA,NA,NA,NA,2,NA,Rare,0,0,0,0,0,0,0,0,0,0,0,0,1,0,0,0,0,0
TUTI.4B,4B,TUTI,18,1,0.05555555555555555,NA,NA,NA,NA,2,NA,Rare,0,0,0,0,0,0,0,0,0,0,0,0,1,0,0,0,0,0
RLHA.N20B,N20B,RLHA,18,1,0.05555555555555555,NA,NA,NA,NA,2,NA,Rare,0,0,0,0,0,0,0,0,0,0,0,0,1,0,0,0,0,0
RTHA.N20B,N20B,RTHA,18,2,0.1111111111111111,0.4532547047537364,0,0.2222222222222222,0.7283793213393187,4,0,Random,0,0,0,0,0,0,0,0,0,0,0,0,1,0,0,1,0,0
EAPH.N4B,N4B,EAPH,18,1,0.05555555555555555,NA,NA,NA,NA,2,NA,Rare,0,0,0,0,0,0,0,0,0,0,0,0,1,0,0,0,0,0
AMCR.1D,1D,AMCR,18,1,0.05555555555555555,NA,NA,NA,NA,2,NA,Rare,0,0,0,0,0,0,0,0,0,0,0,0,0,1,0,0,0,0
HAWO.4B,4B,HAWO,18,1,0.05555555555555555,NA,NA,NA,NA,2,NA,Rare,0,0,0,0,0,0,0,0,0,0,0,0,0,1,0,0,0,0
LASP.4B,4B,LASP,18,1,0.05555555555555555,NA,NA,NA,NA,2,NA,Rare,0,0,0,0,0,0,0,0,0,0,0,0,0,1,0,0,0,0
COPO.N1B,N1B,COPO,18,1,0.05555555555555555,NA,NA,NA,NA,2,NA,Rare,0,0,0,0,0,0,0,0,0,0,0,0,0,1,0,0,0,0
NOHA.N1B,N1B,NOHA,18,1,0.05555555555555555,NA,NA,NA,NA,2,NA,Rare,0,0,0,0,0,0,0,0,0,0,0,0,0,1,0,0,0,0
LASP.N20B,N20B,LASP,18,1,0.05555555555555555,NA,NA,NA,NA,2,NA,Rare,0,0,0,0,0,0,0,0,0,0,0,0,0,1,0,0,0,0
WITU.N20B,N20B,WITU,18,4,0.2222222222222222,0.08897301170181332,0,0.4444444444444444,0.0011291640970487059,2,0,Random,0,0,0,0,0,0,0,0,0,0,0,0,0,1,1,1,1,0
AMRO.N4B,N4B,AMRO,18,1,0.05555555555555555,NA,NA,NA,NA,2,NA,Rare,0,0,0,0,0,0,0,0,0,0,0,0,0,1,0,0,0,0
BLGR.N4B,N4B,BLGR,18,2,0.1111111111111111,0.4532547047537364,0,0.2222222222222222,0.7283793213393187,4,0,Random,0,0,0,0,0,0,0,0,0,0,0,0,0,1,0,1,0,0
AMGO.1D,1D,AMGO,18,2,0.1111111111111111,0.4532547047537364,0,0.2222222222222222,0.2236576445221517,3,0,Random,0,0,0,0,0,0,0,0,0,0,0,0,0,0,1,0,0,1
NRWS.1D,1D,NRWS,18,1,0.05555555555555555,NA,NA,NA,NA,2,NA,Rare,0,0,0,0,0,0,0,0,0,0,0,0,0,0,1,0,0,0
EABL.20B,20B,EABL,18,2,0.1111111111111111,0.4532547047537364,0,0.2222222222222222,0.2236576445221517,3,0,Random,0,0,0,0,0,0,0,0,0,0,0,0,0,0,1,0,0,1
LASP.20B,20B,LASP,18,1,0.05555555555555555,NA,NA,NA,NA,2,NA,Rare,0,0,0,0,0,0,0,0,0,0,0,0,0,0,1,0,0,0
SPTO.20B,20B,SPTO,18,1,0.05555555555555555,NA,NA,NA,NA,2,NA,Rare,0,0,0,0,0,0,0,0,0,0,0,0,0,0,1,0,0,0
LALO.N1B,N1B,LALO,18,1,0.05555555555555555,NA,NA,NA,NA,2,NA,Rare,0,0,0,0,0,0,0,0,0,0,0,0,0,0,1,0,0,0
EABL.N20B,N20B,EABL,18,1,0.05555555555555555,NA,NA,NA,NA,2,NA,Rare,0,0,0,0,0,0,0,0,0,0,0,0,0,0,1,0,0,0
LALO.N20B,N20B,LALO,18,1,0.05555555555555555,NA,NA,NA,NA,2,NA,Rare,0,0,0,0,0,0,0,0,0,0,0,0,0,0,1,0,0,0
DEJU.N4B,N4B,DEJU,18,2,0.1111111111111111,0.4532547047537364,0,0.2222222222222222,0.2236576445221517,3,0,Random,0,0,0,0,0,0,0,0,0,0,0,0,0,0,1,0,0,1
COPO.N4D,N4D,COPO,18,1,0.05555555555555555,NA,NA,NA,NA,2,NA,Rare,0,0,0,0,0,0,0,0,0,0,0,0,0,0,1,0,0,0
SPTO.N4D,N4D,SPTO,18,1,0.05555555555555555,NA,NA,NA,NA,2,NA,Rare,0,0,0,0,0,0,0,0,0,0,0,0,0,0,1,0,0,0
DEJU.20B,20B,DEJU,18,1,0.05555555555555555,NA,NA,NA,NA,2,NA,Rare,0,0,0,0,0,0,0,0,0,0,0,0,0,0,0,1,0,0
NOFL.20B,20B,NOFL,18,1,0.05555555555555555,NA,NA,NA,NA,2,NA,Rare,0,0,0,0,0,0,0,0,0,0,0,0,0,0,0,1,0,0
AMRO.4A,4A,AMRO,18,1,0.05555555555555555,NA,NA,NA,NA,2,NA,Rare,0,0,0,0,0,0,0,0,0,0,0,0,0,0,0,1,0,0
COGR.4B,4B,COGR,18,1,0.05555555555555555,NA,NA,NA,NA,2,NA,Rare,0,0,0,0,0,0,0,0,0,0,0,0,0,0,0,1,0,0
COHA.4B,4B,COHA,18,1,0.05555555555555555,NA,NA,NA,NA,2,NA,Rare,0,0,0,0,0,0,0,0,0,0,0,0,0,0,0,1,0,0
SOSP.N20B,N20B,SOSP,18,1,0.05555555555555555,NA,NA,NA,NA,2,NA,Rare,0,0,0,0,0,0,0,0,0,0,0,0,0,0,0,1,0,0
SPTO.N20B,N20B,SPTO,18,1,0.05555555555555555,NA,NA,NA,NA,2,NA,Rare,0,0,0,0,0,0,0,0,0,0,0,0,0,0,0,1,0,0
INBU.N4B,N4B,INBU,18,2,0.1111111111111111,0.4532547047537364,0,0.2222222222222222,0.2236576445221517,3,0,Random,0,0,0,0,0,0,0,0,0,0,0,0,0,0,0,1,0,1
EAPH.N4D,N4D,EAPH,18,1,0.05555555555555555,NA,NA,NA,NA,2,NA,Rare,0,0,0,0,0,0,0,0,0,0,0,0,0,0,0,1,0,0
HOLA.N4D,N4D,HOLA,18,1,0.05555555555555555,NA,NA,NA,NA,2,NA,Rare,0,0,0,0,0,0,0,0,0,0,0,0,0,0,0,1,0,0
HOLA.1D,1D,HOLA,18,1,0.05555555555555555,NA,NA,NA,NA,2,NA,Rare,0,0,0,0,0,0,0,0,0,0,0,0,0,0,0,0,1,0
BLGR.20B,20B,BLGR,18,2,0.1111111111111111,0.4532547047537364,0,0.2222222222222222,2.3655809370579022e-4,1,0,Random,0,0,0,0,0,0,0,0,0,0,0,0,0,0,0,0,1,1
INBU.4A,4A,INBU,18,1,0.05555555555555555,NA,NA,NA,NA,2,NA,Rare,0,0,0,0,0,0,0,0,0,0,0,0,0,0,0,0,1,0
RBWO.N1B,N1B,RBWO,18,1,0.05555555555555555,NA,NA,NA,NA,2,NA,Rare,0,0,0,0,0,0,0,0,0,0,0,0,0,0,0,0,1,0
HOLA.N20B,N20B,HOLA,18,1,0.05555555555555555,NA,NA,NA,NA,2,NA,Rare,0,0,0,0,0,0,0,0,0,0,0,0,0,0,0,0,1,0
STFL.N20B,N20B,STFL,18,1,0.05555555555555555,NA,NA,NA,NA,2,NA,Rare,0,0,0,0,0,0,0,0,0,0,0,0,0,0,0,0,1,0
TUVU.N20B,N20B,TUVU,18,1,0.05555555555555555,NA,NA,NA,NA,2,NA,Rare,0,0,0,0,0,0,0,0,0,0,0,0,0,0,0,0,1,0
BEWR.N4D,N4D,BEWR,18,1,0.05555555555555555,NA,NA,NA,NA,2,NA,Rare,0,0,0,0,0,0,0,0,0,0,0,0,0,0,0,0,1,0
YBCU.1D,1D,YBCU,18,1,0.05555555555555555,NA,NA,NA,NA,1,NA,Rare,0,0,0,0,0,0,0,0,0,0,0,0,0,0,0,0,0,1
CLSW.20B,20B,CLSW,18,1,0.05555555555555555,NA,NA,NA,NA,1,NA,Rare,0,0,0,0,0,0,0,0,0,0,0,0,0,0,0,0,0,1
HAWO.20B,20B,HAWO,18,1,0.05555555555555555,NA,NA,NA,NA,1,NA,Rare,0,0,0,0,0,0,0,0,0,0,0,0,0,0,0,0,0,1
AMCR.4A,4A,AMCR,18,1,0.05555555555555555,NA,NA,NA,NA,1,NA,Rare,0,0,0,0,0,0,0,0,0,0,0,0,0,0,0,0,0,1
COGR.4A,4A,COGR,18,1,0.05555555555555555,NA,NA,NA,NA,1,NA,Rare,0,0,0,0,0,0,0,0,0,0,0,0,0,0,0,0,0,1
YEWA.4B,4B,YEWA,18,1,0.05555555555555555,NA,NA,NA,NA,1,NA,Rare,0,0,0,0,0,0,0,0,0,0,0,0,0,0,0,0,0,1
NOCA.N1B,N1B,NOCA,18,1,0.05555555555555555,NA,NA,NA,NA,1,NA,Rare,0,0,0,0,0,0,0,0,0,0,0,0,0,0,0,0,0,1
GTGR.N4B,N4B,GTGR,18,1,0.05555555555555555,NA,NA,NA,NA,1,NA,Rare,0,0,0,0,0,0,0,0,0,0,0,0,0,0,0,0,0,1
CAGO.N4D,N4D,CAGO,18,1,0.05555555555555555,NA,NA,NA,NA,1,NA,Rare,0,0,0,0,0,0,0,0,0,0,0,0,0,0,0,0,0,1
EAWP.N4D,N4D,EAWP,18,1,0.05555555555555555,NA,NA,NA,NA,1,NA,Rare,0,0,0,0,0,0,0,0,0,0,0,0,0,0,0,0,0,1
