"","watershed.Watershed1","watershed.Year1","watershed.Watershed2","watershed.Year2","watershed.jaccard_diss","watershed.bray_diss"
"1","1D",1992,"1D",1992,0,0
"2","1D",1992,"20B",1992,0.4375,0.405092592592593
"3","1D",1992,"4A",1992,0.416666666666667,0.569444444444445
"4","1D",1992,"4B",1992,0.466666666666667,0.416666666666667
"5","1D",1992,"N1B",1992,0.642857142857143,0.560606060606061
"6","1D",1992,"N20B",1992,0.529411764705882,0.433333333333333
"7","1D",1992,"N4B",1992,0.4375,0.435975609756098
"8","1D",1992,"N4D",1992,0.619047619047619,0.513888888888889
"9","1D",1993,"1D",1993,0,0
"10","1D",1993,"20B",1993,0.529411764705882,0.468883205456096
"11","1D",1993,"4A",1993,0.555555555555556,0.556862745098039
"12","1D",1993,"4B",1993,0.476190476190476,0.446651387827859
"13","1D",1993,"N1B",1993,0.466666666666667,0.485838779956427
"14","1D",1993,"N20B",1993,0.476190476190476,0.450075414781297
"15","1D",1993,"N4B",1993,0.523809523809524,0.627450980392157
"16","1D",1993,"N4D",1993,0.541666666666667,0.624649859943978
"17","1D",1994,"1D",1994,0,0
"18","1D",1994,"20B",1994,0.75,0.566666666666667
"19","1D",1994,"4A",1994,0.611111111111111,0.431578947368421
"20","1D",1994,"4B",1994,0.571428571428572,0.370218579234973
"21","1D",1994,"N1B",1994,0.5,0.356060606060606
"22","1D",1994,"N20B",1994,0.6,0.382993197278912
"23","1D",1994,"N4B",1994,0.619047619047619,0.383333333333333
"24","1D",1994,"N4D",1994,0.730769230769231,0.558602150537634
"25","1D",1995,"1D",1995,0,0
"26","1D",1995,"20B",1995,0.777777777777778,0.576344086021505
"27","1D",1995,"4A",1995,0.5,0.544444444444444
"28","1D",1995,"4B",1995,0.764705882352941,0.682352941176471
"29","1D",1995,"N1B",1995,1,1
"30","1D",1995,"N20B",1995,0.705882352941176,0.533333333333333
"31","1D",1995,"N4B",1995,0.636363636363636,0.595238095238095
"32","1D",1995,"N4D",1995,0.631578947368421,0.588888888888889
"33","1D",1996,"1D",1996,0,0
"34","1D",1996,"20B",1996,0.736842105263158,0.630434782608696
"35","1D",1996,"4A",1996,0.545454545454545,0.303030303030303
"36","1D",1996,"4B",1996,0.647058823529412,0.387626262626263
"37","1D",1996,"N1B",1996,0.583333333333333,0.40530303030303
"38","1D",1996,"N20B",1996,0.736842105263158,0.51668584579977
"39","1D",1996,"N4B",1996,0.666666666666667,0.454545454545455
"40","1D",1996,"N4D",1996,0.722222222222222,0.37987012987013
"41","1D",1997,"1D",1997,0,0
"42","1D",1997,"20B",1997,0.625,0.549088359046283
"43","1D",1997,"4A",1997,0.5,0.60622914349277
"44","1D",1997,"4B",1997,0.5,0.478747628083491
"45","1D",1997,"N1B",1997,0.6,0.519635343618513
"46","1D",1997,"N20B",1997,0.631578947368421,0.372942725477288
"47","1D",1997,"N4B",1997,0.533333333333333,0.361851332398317
"48","1D",1997,"N4D",1997,0.5625,0.416487455197133
"49","1D",1998,"1D",1998,0,0
"50","1D",1998,"20B",1998,0.529411764705882,0.413573700954401
"51","1D",1998,"4A",1998,0.583333333333333,0.442508710801394
"52","1D",1998,"4B",1998,0.75,0.5046904315197
"53","1D",1998,"N1B",1998,0.6875,0.535682023486902
"54","1D",1998,"N20B",1998,0.6,0.450238295486403
"55","1D",1998,"N4B",1998,0.625,0.432317073170732
"56","1D",1998,"N4D",1998,0.666666666666667,0.618325642715887
"57","1D",1999,"1D",1999,0,0
"58","1D",1999,"20B",1999,0.7,0.622171945701358
"59","1D",1999,"4A",1999,0.533333333333333,0.554298642533937
"60","1D",1999,"4B",1999,0.739130434782609,0.706617647058823
"61","1D",1999,"N1B",1999,0.538461538461538,0.390092879256966
"62","1D",1999,"N20B",1999,0.625,0.505171299288947
"63","1D",1999,"N4B",1999,0.666666666666667,0.644042232277526
"64","1D",1999,"N4D",1999,0.791666666666667,0.594117647058824
"65","1D",2000,"1D",2000,0,0
"66","1D",2000,"20B",2000,0.588235294117647,0.456521739130435
"67","1D",2000,"4A",2000,0.533333333333333,0.411067193675889
"68","1D",2000,"4B",2000,0.611111111111111,0.480632411067194
"69","1D",2000,"N1B",2000,0.538461538461538,0.425724637681159
"70","1D",2000,"N20B",2000,0.636363636363636,0.372809863724854
"71","1D",2000,"N4B",2000,0.666666666666667,0.649068322981367
"72","1D",2000,"N4D",2000,0.555555555555556,0.356521739130435
"73","1D",2001,"1D",2001,0,0
"74","1D",2001,"20B",2001,0.8,0.757918552036199
"75","1D",2001,"4A",2001,0.615384615384615,0.558823529411765
"76","1D",2001,"4B",2001,0.615384615384615,0.474264705882353
"77","1D",2001,"N1B",2001,0.692307692307692,0.425882352941176
"78","1D",2001,"N20B",2001,0.7,0.515862524785195
"79","1D",2001,"N4B",2001,0.75,0.698257080610022
"80","1D",2001,"N4D",2001,0.789473684210526,0.712418300653595
"81","1D",2002,"1D",2002,0,0
"82","1D",2002,"20B",2002,0.818181818181818,0.628571428571429
"83","1D",2002,"4A",2002,0.666666666666667,0.479166666666667
"84","1D",2002,"4B",2002,0.588235294117647,0.467749529190207
"85","1D",2002,"N1B",2002,0.636363636363636,0.566176470588235
"86","1D",2002,"N20B",2002,0.652173913043478,0.517623716153128
"87","1D",2002,"N4B",2002,0.7,0.386904761904762
"88","1D",2002,"N4D",2002,0.588235294117647,0.399659863945578
"89","1D",2003,"1D",2003,0,0
"90","1D",2003,"20B",2003,0.647058823529412,0.632867132867133
"91","1D",2003,"4A",2003,0.647058823529412,0.323529411764706
"92","1D",2003,"4B",2003,0.625,0.433566433566434
"93","1D",2003,"N1B",2003,0.647058823529412,0.604040404040404
"94","1D",2003,"N20B",2003,0.727272727272727,0.532701111837803
"95","1D",2003,"N4B",2003,0.714285714285714,0.428030303030303
"96","1D",2003,"N4D",2003,0.72,0.451426024955437
"97","1D",2004,"1D",2004,0,0
"98","1D",2004,"20B",2004,0.791666666666667,0.484719260838664
"99","1D",2004,"4A",2004,0.764705882352941,0.615891132572432
"100","1D",2004,"4B",2004,0.739130434782609,0.490671641791045
"101","1D",2004,"N1B",2004,0.692307692307692,0.435599778883361
"102","1D",2004,"N20B",2004,0.75,0.58574676287437
"103","1D",2004,"N4B",2004,0.647058823529412,0.604604098153301
"104","1D",2004,"N4D",2004,0.7,0.534947215143793
"105","1D",2005,"1D",2005,0,0
"106","1D",2005,"20B",2005,0.791666666666667,0.712610441767068
"107","1D",2005,"4A",2005,0.588235294117647,0.542702702702703
"108","1D",2005,"4B",2005,0.55,0.523980099502488
"109","1D",2005,"N1B",2005,0.666666666666667,0.52
"110","1D",2005,"N20B",2005,0.678571428571428,0.480934182590233
"111","1D",2005,"N4B",2005,0.761904761904762,0.80140350877193
"112","1D",2005,"N4D",2005,0.791666666666667,0.677894736842105
"113","1D",2006,"1D",2006,0,0
"114","1D",2006,"20B",2006,0.739130434782609,0.649797570850203
"115","1D",2006,"4A",2006,0.733333333333333,0.682051282051282
"116","1D",2006,"4B",2006,0.65,0.333333333333333
"117","1D",2006,"N1B",2006,0.8125,0.45054945054945
"118","1D",2006,"N20B",2006,0.730769230769231,0.512486064659978
"119","1D",2006,"N4B",2006,0.666666666666667,0.593117408906883
"120","1D",2006,"N4D",2006,0.766666666666667,0.534690799396682
"121","1D",2007,"1D",2007,0,0
"122","1D",2007,"20B",2007,0.769230769230769,0.68972972972973
"123","1D",2007,"4A",2007,0.5625,0.52974358974359
"124","1D",2007,"4B",2007,0.652173913043478,0.52757281553398
"125","1D",2007,"N1B",2007,0.631578947368421,0.687272727272727
"126","1D",2007,"N20B",2007,0.793103448275862,0.515625
"127","1D",2007,"N4B",2007,0.8,0.676923076923077
"128","1D",2007,"N4D",2007,0.740740740740741,0.54468085106383
"129","1D",2008,"1D",2008,0,0
"130","1D",2008,"20B",2008,0.681818181818182,0.672692172692173
"131","1D",2008,"4A",2008,0.647058823529412,0.593246753246753
"132","1D",2008,"4B",2008,0.466666666666667,0.461571215669576
"133","1D",2008,"N1B",2008,0.625,0.5998075998076
"134","1D",2008,"N20B",2008,0.666666666666667,0.584992784992785
"135","1D",2008,"N4B",2008,0.714285714285714,0.555921690250049
"136","1D",2008,"N4D",2008,0.75,0.543162719633308
"137","1D",2009,"1D",2009,0,0
"138","1D",2009,"20B",2009,0.807692307692308,0.638505747126437
"139","1D",2009,"4A",2009,0.625,0.510971786833856
"140","1D",2009,"4B",2009,0.705882352941176,0.374447391688771
"141","1D",2009,"N1B",2009,0.666666666666667,0.424367816091954
"142","1D",2009,"N20B",2009,0.666666666666667,0.446659482758621
"143","1D",2009,"N4B",2009,0.761904761904762,0.64367816091954
"144","1D",2009,"N4D",2009,0.766666666666667,0.560439560439561
"145","20B",1992,"20B",1992,0,0
"146","20B",1992,"4A",1992,0.588235294117647,0.425925925925926
"147","20B",1992,"4B",1992,0.526315789473684,0.238791423001949
"148","20B",1992,"N1B",1992,0.666666666666667,0.449494949494949
"149","20B",1992,"N20B",1992,0.421052631578947,0.269907407407407
"150","20B",1992,"N4B",1992,0.571428571428572,0.465672990063234
"151","20B",1992,"N4D",1992,0.380952380952381,0.328703703703704
"152","20B",1993,"20B",1993,0,0
"153","20B",1993,"4A",1993,0.647058823529412,0.513043478260869
"154","20B",1993,"4B",1993,0.681818181818182,0.526821005081875
"155","20B",1993,"N1B",1993,0.75,0.671497584541063
"156","20B",1993,"N20B",1993,0.681818181818182,0.500334448160535
"157","20B",1993,"N4B",1993,0.782608695652174,0.736572890025575
"158","20B",1993,"N4D",1993,0.608695652173913,0.631469979296066
"159","20B",1994,"20B",1994,0,0
"160","20B",1994,"4A",1994,0.65,0.508771929824561
"161","20B",1994,"4B",1994,0.545454545454545,0.536612021857923
"162","20B",1994,"N1B",1994,0.761904761904762,0.584848484848485
"163","20B",1994,"N20B",1994,0.62962962962963,0.442176870748299
"164","20B",1994,"N4B",1994,0.590909090909091,0.416666666666667
"165","20B",1994,"N4D",1994,0.653846153846154,0.364516129032258
"166","20B",1995,"20B",1995,0,0
"167","20B",1995,"4A",1995,0.705882352941176,0.53405017921147
"168","20B",1995,"4B",1995,0.4375,0.436432637571158
"169","20B",1995,"N1B",1995,1,1
"170","20B",1995,"N20B",1995,0.266666666666667,0.224193548387097
"171","20B",1995,"N4B",1995,0.642857142857143,0.509216589861751
"172","20B",1995,"N4D",1995,0.421052631578947,0.385304659498208
"173","20B",1996,"20B",1996,0,0
"174","20B",1996,"4A",1996,0.631578947368421,0.639751552795031
"175","20B",1996,"4B",1996,0.428571428571429,0.477053140096618
"176","20B",1996,"N1B",1996,0.65,0.576086956521739
"177","20B",1996,"N20B",1996,0.454545454545455,0.364887176664832
"178","20B",1996,"N4B",1996,0.5,0.342995169082126
"179","20B",1996,"N4D",1996,0.428571428571429,0.453416149068323
"180","20B",1997,"20B",1997,0,0
"181","20B",1997,"4A",1997,0.529411764705882,0.523238380809595
"182","20B",1997,"4B",1997,0.6,0.515601023017903
"183","20B",1997,"N1B",1997,0.684210526315789,0.652173913043478
"184","20B",1997,"N20B",1997,0.571428571428572,0.519520851818989
"185","20B",1997,"N4B",1997,0.470588235294118,0.456521739130435
"186","20B",1997,"N4D",1997,0.411764705882353,0.472463768115942
"187","20B",1998,"20B",1998,0,0
"188","20B",1998,"4A",1998,0.533333333333333,0.381987577639751
"189","20B",1998,"4B",1998,0.571428571428572,0.382107023411371
"190","20B",1998,"N1B",1998,0.375,0.30354267310789
"191","20B",1998,"N20B",1998,0.428571428571429,0.249875062468766
"192","20B",1998,"N4B",1998,0.411764705882353,0.371739130434783
"193","20B",1998,"N4D",1998,0.5,0.507050528789659
"194","20B",1999,"20B",1999,0,0
"195","20B",1999,"4A",1999,0.375,0.435897435897436
"196","20B",1999,"4B",1999,0.5,0.528525641025641
"197","20B",1999,"N1B",1999,0.647058823529412,0.512820512820513
"198","20B",1999,"N20B",1999,0.458333333333333,0.384615384615385
"199","20B",1999,"N4B",1999,0.6,0.58974358974359
"200","20B",1999,"N4D",1999,0.428571428571429,0.483516483516483
"201","20B",2000,"20B",2000,0,0
"202","20B",2000,"4A",2000,0.470588235294118,0.290909090909091
"203","20B",2000,"4B",2000,0.55,0.547727272727273
"204","20B",2000,"N1B",2000,0.5625,0.5
"205","20B",2000,"N20B",2000,0.380952380952381,0.359328358208955
"206","20B",2000,"N4B",2000,0.727272727272727,0.589285714285714
"207","20B",2000,"N4D",2000,0.421052631578947,0.353571428571429
"208","20B",2001,"20B",2001,0,0
"209","20B",2001,"4A",2001,0.428571428571429,0.482654600301659
"210","20B",2001,"4B",2001,0.625,0.578525641025641
"211","20B",2001,"N1B",2001,0.6875,0.646153846153846
"212","20B",2001,"N20B",2001,0.571428571428572,0.427254393546528
"213","20B",2001,"N4B",2001,0.666666666666667,0.524216524216524
"214","20B",2001,"N4D",2001,0.578947368421053,0.425213675213675
"215","20B",2002,"20B",2002,0,0
"216","20B",2002,"4A",2002,0.736842105263158,0.623214285714286
"217","20B",2002,"4B",2002,0.666666666666667,0.504600484261502
"218","20B",2002,"N1B",2002,0.722222222222222,0.598319327731093
"219","20B",2002,"N20B",2002,0.655172413793103,0.495798319327731
"220","20B",2002,"N4B",2002,0.827586206896552,0.639285714285714
"221","20B",2002,"N4D",2002,0.545454545454545,0.461224489795918
"222","20B",2003,"20B",2003,0,0
"223","20B",2003,"4A",2003,0.352941176470588,0.395927601809955
"224","20B",2003,"4B",2003,0.65,0.506410256410256
"225","20B",2003,"N1B",2003,0.666666666666667,0.536752136752137
"226","20B",2003,"N20B",2003,0.428571428571429,0.291920309905921
"227","20B",2003,"N4B",2003,0.545454545454545,0.582932692307692
"228","20B",2003,"N4D",2003,0.458333333333333,0.453054298642534
"229","20B",2004,"20B",2004,0,0
"230","20B",2004,"4A",2004,0.64,0.471988795518207
"231","20B",2004,"4B",2004,0.6875,0.407738095238095
"232","20B",2004,"N1B",2004,0.695652173913044,0.427248677248677
"233","20B",2004,"N20B",2004,0.464285714285714,0.401844843897824
"234","20B",2004,"N4B",2004,0.5,0.429378531073446
"235","20B",2004,"N4D",2004,0.375,0.348432055749129
"236","20B",2005,"20B",2005,0,0
"237","20B",2005,"4A",2005,0.590909090909091,0.45262129599479
"238","20B",2005,"4B",2005,0.56,0.586225499010969
"239","20B",2005,"N1B",2005,0.772727272727273,0.588576528335565
"240","20B",2005,"N20B",2005,0.428571428571429,0.405110889417543
"241","20B",2005,"N4B",2005,0.777777777777778,0.798351299936589
"242","20B",2005,"N4D",2005,0.5,0.391883322764743
"243","20B",2006,"20B",2006,0,0
"244","20B",2006,"4A",2006,0.7,0.578070175438596
"245","20B",2006,"4B",2006,0.454545454545455,0.543184885290148
"246","20B",2006,"N1B",2006,0.7,0.595864661654135
"247","20B",2006,"N20B",2006,0.518518518518518,0.396796338672769
"248","20B",2006,"N4B",2006,0.708333333333333,0.719298245614035
"249","20B",2006,"N4D",2006,0.580645161290323,0.537925696594427
"250","20B",2007,"20B",2007,0,0
"251","20B",2007,"4A",2007,0.68,0.533957033957034
"252","20B",2007,"4B",2007,0.586206896551724,0.562975596956179
"253","20B",2007,"N1B",2007,0.56,0.616400491400491
"254","20B",2007,"N20B",2007,0.448275862068966,0.404983108108108
"255","20B",2007,"N4B",2007,0.75,0.362370062370062
"256","20B",2007,"N4D",2007,0.580645161290323,0.538911251677209
"257","20B",2008,"20B",2008,0,0
"258","20B",2008,"4A",2008,0.476190476190476,0.273513513513514
"259","20B",2008,"4B",2008,0.545454545454545,0.445281346920691
"260","20B",2008,"N1B",2008,0.652173913043478,0.599099099099099
"261","20B",2008,"N20B",2008,0.481481481481481,0.462662662662663
"262","20B",2008,"N4B",2008,0.615384615384615,0.460467930617184
"263","20B",2008,"N4D",2008,0.607142857142857,0.497350291467939
"264","20B",2009,"20B",2009,0,0
"265","20B",2009,"4A",2009,0.793103448275862,0.509090909090909
"266","20B",2009,"4B",2009,0.541666666666667,0.457692307692308
"267","20B",2009,"N1B",2009,0.777777777777778,0.624166666666667
"268","20B",2009,"N20B",2009,0.481481481481481,0.40625
"269","20B",2009,"N4B",2009,0.607142857142857,0.700574712643678
"270","20B",2009,"N4D",2009,0.529411764705882,0.455906593406594
"271","4A",1992,"4A",1992,0,0
"272","4A",1992,"4B",1992,0.533333333333333,0.394736842105263
"273","4A",1992,"N1B",1992,0.615384615384615,0.525252525252525
"274","4A",1992,"N20B",1992,0.588235294117647,0.365277777777778
"275","4A",1992,"N4B",1992,0.5,0.551490514905149
"276","4A",1992,"N4D",1992,0.6,0.472222222222222
"277","4A",1993,"4A",1993,0,0
"278","4A",1993,"4B",1993,0.421052631578947,0.287878787878788
"279","4A",1993,"N1B",1993,0.5,0.477777777777778
"280","4A",1993,"N20B",1993,0.5,0.266666666666667
"281","4A",1993,"N4B",1993,0.619047619047619,0.645098039215686
"282","4A",1993,"N4D",1993,0.565217391304348,0.554761904761905
"283","4A",1994,"4A",1994,0,0
"284","4A",1994,"4B",1994,0.411764705882353,0.345987920621225
"285","4A",1994,"N1B",1994,0.6,0.502392344497608
"286","4A",1994,"N20B",1994,0.608695652173913,0.371643394199785
"287","4A",1994,"N4B",1994,0.555555555555556,0.386842105263158
"288","4A",1994,"N4D",1994,0.571428571428572,0.422750424448217
"289","4A",1995,"4A",1995,0,0
"290","4A",1995,"4B",1995,0.6,0.351851851851852
"291","4A",1995,"N1B",1995,1,1
"292","4A",1995,"N20B",1995,0.533333333333333,0.448148148148148
"293","4A",1995,"N4B",1995,0.5,0.457671957671958
"294","4A",1995,"N4D",1995,0.631578947368421,0.481481481481481
"295","4A",1996,"4A",1996,0,0
"296","4A",1996,"4B",1996,0.611111111111111,0.331349206349206
"297","4A",1996,"N1B",1996,0.642857142857143,0.505952380952381
"298","4A",1996,"N20B",1996,0.7,0.522001205545509
"299","4A",1996,"N4B",1996,0.705882352941176,0.523809523809524
"300","4A",1996,"N4D",1996,0.684210526315789,0.386904761904762
"301","4A",1997,"4A",1997,0,0
"302","4A",1997,"4B",1997,0.5,0.37525354969574
"303","4A",1997,"N1B",1997,0.666666666666667,0.626686656671664
"304","4A",1997,"N20B",1997,0.619047619047619,0.534130893736805
"305","4A",1997,"N4B",1997,0.4375,0.506746626686657
"306","4A",1997,"N4D",1997,0.470588235294118,0.508812260536398
"307","4A",1998,"4A",1998,0,0
"308","4A",1998,"4B",1998,0.625,0.425824175824176
"309","4A",1998,"N1B",1998,0.615384615384615,0.531746031746032
"310","4A",1998,"N20B",1998,0.611111111111111,0.41543513957307
"311","4A",1998,"N4B",1998,0.538461538461538,0.439285714285714
"312","4A",1998,"N4D",1998,0.684210526315789,0.623552123552124
"313","4A",1999,"4A",1999,0,0
"314","4A",1999,"4B",1999,0.55,0.546153846153846
"315","4A",1999,"N1B",1999,0.642857142857143,0.576923076923077
"316","4A",1999,"N20B",1999,0.5,0.538461538461538
"317","4A",1999,"N4B",1999,0.588235294117647,0.602564102564103
"318","4A",1999,"N4D",1999,0.619047619047619,0.579120879120879
"319","4A",2000,"4A",2000,0,0
"320","4A",2000,"4B",2000,0.65,0.572727272727273
"321","4A",2000,"N1B",2000,0.5,0.439393939393939
"322","4A",2000,"N20B",2000,0.476190476190476,0.32225237449118
"323","4A",2000,"N4B",2000,0.631578947368421,0.542207792207792
"324","4A",2000,"N4D",2000,0.526315789473684,0.348051948051948
"325","4A",2001,"4A",2001,0,0
"326","4A",2001,"4B",2001,0.625,0.518382352941177
"327","4A",2001,"N1B",2001,0.6,0.449411764705882
"328","4A",2001,"N20B",2001,0.571428571428572,0.408460013218771
"329","4A",2001,"N4B",2001,0.666666666666667,0.65359477124183
"330","4A",2001,"N4D",2001,0.65,0.486928104575164
"331","4A",2002,"4A",2002,0,0
"332","4A",2002,"4B",2002,0.625,0.580508474576271
"333","4A",2002,"N1B",2002,0.7,0.691176470588235
"334","4A",2002,"N20B",2002,0.681818181818182,0.609768907563025
"335","4A",2002,"N4B",2002,0.8,0.616071428571429
"336","4A",2002,"N4D",2002,0.705882352941176,0.529336734693877
"337","4A",2003,"4A",2003,0,0
"338","4A",2003,"4B",2003,0.578947368421053,0.456259426847662
"339","4A",2003,"N1B",2003,0.666666666666667,0.564052287581699
"340","4A",2003,"N20B",2003,0.5,0.369022429115531
"341","4A",2003,"N4B",2003,0.608695652173913,0.440257352941177
"342","4A",2003,"N4D",2003,0.576923076923077,0.330882352941176
"343","4A",2004,"4A",2004,0,0
"344","4A",2004,"4B",2004,0.64,0.349877450980392
"345","4A",2004,"N1B",2004,0.533333333333333,0.550108932461873
"346","4A",2004,"N20B",2004,0.541666666666667,0.303272302298403
"347","4A",2004,"N4B",2004,0.666666666666667,0.484546360917248
"348","4A",2004,"N4D",2004,0.652173913043478,0.48206599713056
"349","4A",2005,"4A",2005,0,0
"350","4A",2005,"4B",2005,0.368421052631579,0.521581282775313
"351","4A",2005,"N1B",2005,0.777777777777778,0.551551551551552
"352","4A",2005,"N20B",2005,0.555555555555556,0.320537097607161
"353","4A",2005,"N4B",2005,0.6,0.708392603129445
"354","4A",2005,"N4D",2005,0.590909090909091,0.486960644855382
"355","4A",2006,"4A",2006,0,0
"356","4A",2006,"4B",2006,0.736842105263158,0.615384615384615
"357","4A",2006,"N1B",2006,0.769230769230769,0.697619047619048
"358","4A",2006,"N20B",2006,0.75,0.559420289855072
"359","4A",2006,"N4B",2006,0.6875,0.659649122807017
"360","4A",2006,"N4D",2006,0.740740740740741,0.566666666666667
"361","4A",2007,"4A",2007,0,0
"362","4A",2007,"4B",2007,0.608695652173913,0.341299477221807
"363","4A",2007,"N1B",2007,0.5,0.37995337995338
"364","4A",2007,"N20B",2007,0.666666666666667,0.387620192307692
"365","4A",2007,"N4B",2007,0.652173913043478,0.533333333333333
"366","4A",2007,"N4D",2007,0.653846153846154,0.383524277141299
"367","4A",2008,"4A",2008,0,0
"368","4A",2008,"4B",2008,0.470588235294118,0.43016393442623
"369","4A",2008,"N1B",2008,0.529411764705882,0.512592592592593
"370","4A",2008,"N20B",2008,0.478260869565217,0.397037037037037
"371","4A",2008,"N4B",2008,0.571428571428572,0.472238805970149
"372","4A",2008,"N4D",2008,0.565217391304348,0.409411764705882
"373","4A",2009,"4A",2009,0,0
"374","4A",2009,"4B",2009,0.7,0.487762237762238
"375","4A",2009,"N1B",2009,0.4,0.407272727272727
"376","4A",2009,"N20B",2009,0.666666666666667,0.376420454545455
"377","4A",2009,"N4B",2009,0.636363636363636,0.577324973876698
"378","4A",2009,"N4D",2009,0.67741935483871,0.466533466533467
"379","4B",1992,"4B",1992,0,0
"380","4B",1992,"N1B",1992,0.533333333333333,0.393939393939394
"381","4B",1992,"N20B",1992,0.352941176470588,0.261842105263158
"382","4B",1992,"N4B",1992,0.444444444444444,0.429610611895593
"383","4B",1992,"N4D",1992,0.545454545454545,0.353070175438597
"384","4B",1993,"4B",1993,0,0
"385","4B",1993,"N1B",1993,0.578947368421053,0.401154401154401
"386","4B",1993,"N20B",1993,0.285714285714286,0.231068931068931
"387","4B",1993,"N4B",1993,0.541666666666667,0.569900687547746
"388","4B",1993,"N4D",1993,0.44,0.442640692640693
"389","4B",1994,"4B",1994,0,0
"390","4B",1994,"N1B",1994,0.555555555555556,0.371833084947839
"391","4B",1994,"N20B",1994,0.458333333333333,0.230010036801606
"392","4B",1994,"N4B",1994,0.368421052631579,0.303825136612022
"393","4B",1994,"N4D",1994,0.6,0.450290851401375
"394","4B",1995,"4B",1995,0,0
"395","4B",1995,"N1B",1995,1,1
"396","4B",1995,"N20B",1995,0.4375,0.458823529411765
"397","4B",1995,"N4B",1995,0.5,0.411764705882353
"398","4B",1995,"N4D",1995,0.55,0.489651416122004
"399","4B",1996,"4B",1996,0,0
"400","4B",1996,"N1B",1996,0.555555555555556,0.444444444444445
"401","4B",1996,"N20B",1996,0.5,0.346167369901547
"402","4B",1996,"N4B",1996,0.473684210526316,0.361111111111111
"403","4B",1996,"N4D",1996,0.476190476190476,0.234126984126984
"404","4B",1997,"4B",1997,0,0
"405","4B",1997,"N1B",1997,0.578947368421053,0.539130434782609
"406","4B",1997,"N20B",1997,0.4,0.307322929171669
"407","4B",1997,"N4B",1997,0.444444444444444,0.403324808184143
"408","4B",1997,"N4D",1997,0.294117647058824,0.359477124183006
"409","4B",1998,"4B",1998,0,0
"410","4B",1998,"N1B",1998,0.631578947368421,0.471509971509972
"411","4B",1998,"N20B",1998,0.565217391304348,0.271441202475685
"412","4B",1998,"N4B",1998,0.578947368421053,0.413461538461539
"413","4B",1998,"N4D",1998,0.68,0.557172557172557
"414","4B",1999,"4B",1999,0,0
"415","4B",1999,"N1B",1999,0.7,0.519078947368421
"416","4B",1999,"N20B",1999,0.461538461538462,0.542307692307692
"417","4B",1999,"N4B",1999,0.590909090909091,0.533653846153846
"418","4B",1999,"N4D",1999,0.5,0.4375
"419","4B",2000,"4B",2000,0,0
"420","4B",2000,"N1B",2000,0.5,0.46969696969697
"421","4B",2000,"N20B",2000,0.6,0.39606512890095
"422","4B",2000,"N4B",2000,0.739130434782609,0.657792207792208
"423","4B",2000,"N4D",2000,0.590909090909091,0.424675324675325
"424","4B",2001,"4B",2001,0,0
"425","4B",2001,"N1B",2001,0.6875,0.475
"426","4B",2001,"N20B",2001,0.5,0.405547752808989
"427","4B",2001,"N4B",2001,0.736842105263158,0.646990740740741
"428","4B",2001,"N4D",2001,0.65,0.541666666666667
"429","4B",2002,"4B",2002,0,0
"430","4B",2002,"N1B",2002,0.6875,0.415752741774676
"431","4B",2002,"N20B",2002,0.458333333333333,0.325879504344111
"432","4B",2002,"N4B",2002,0.72,0.419794188861986
"433","4B",2002,"N4D",2002,0.5,0.273261847111726
"434","4B",2003,"4B",2003,0,0
"435","4B",2003,"N1B",2003,0.714285714285714,0.562393162393163
"436","4B",2003,"N20B",2003,0.608695652173913,0.560597675705589
"437","4B",2003,"N4B",2003,0.652173913043478,0.646233974358974
"438","4B",2003,"N4D",2003,0.666666666666667,0.566365007541478
"439","4B",2004,"4B",2004,0,0
"440","4B",2004,"N1B",2004,0.75,0.497685185185185
"441","4B",2004,"N20B",2004,0.566666666666667,0.398247792494481
"442","4B",2004,"N4B",2004,0.714285714285714,0.551553672316384
"443","4B",2004,"N4D",2004,0.655172413793103,0.412093495934959
"444","4B",2005,"4B",2005,0,0
"445","4B",2005,"N1B",2005,0.772727272727273,0.634604754007739
"446","4B",2005,"N20B",2005,0.428571428571429,0.495674493773172
"447","4B",2005,"N4B",2005,0.625,0.697172034564022
"448","4B",2005,"N4D",2005,0.56,0.57528148730034
"449","4B",2006,"4B",2006,0,0
"450","4B",2006,"N1B",2006,0.736842105263158,0.401098901098901
"451","4B",2006,"N20B",2006,0.416666666666667,0.453957636566332
"452","4B",2006,"N4B",2006,0.55,0.580296896086369
"453","4B",2006,"N4D",2006,0.6,0.484917043740573
"454","4B",2007,"4B",2007,0,0
"455","4B",2007,"N1B",2007,0.409090909090909,0.38581200353045
"456","4B",2007,"N20B",2007,0.625,0.480051577669903
"457","4B",2007,"N4B",2007,0.655172413793103,0.610604929051531
"458","4B",2007,"N4D",2007,0.566666666666667,0.295186944846106
"459","4B",2008,"4B",2008,0,0
"460","4B",2008,"N1B",2008,0.611111111111111,0.568306010928962
"461","4B",2008,"N20B",2008,0.653846153846154,0.529690346083789
"462","4B",2008,"N4B",2008,0.636363636363636,0.467580132126254
"463","4B",2008,"N4D",2008,0.68,0.483124397299904
"464","4B",2009,"4B",2009,0,0
"465","4B",2009,"N1B",2009,0.666666666666667,0.455128205128205
"466","4B",2009,"N20B",2009,0.476190476190476,0.360576923076923
"467","4B",2009,"N4B",2009,0.571428571428572,0.551724137931034
"468","4B",2009,"N4D",2009,0.586206896551724,0.403846153846154
"469","N1B",1992,"N1B",1992,0,0
"470","N1B",1992,"N20B",1992,0.5,0.486363636363636
"471","N1B",1992,"N4B",1992,0.5,0.528824833702882
"472","N1B",1992,"N4D",1992,0.666666666666667,0.425505050505051
"473","N1B",1993,"N1B",1993,0,0
"474","N1B",1993,"N20B",1993,0.578947368421053,0.462393162393162
"475","N1B",1993,"N4B",1993,0.470588235294118,0.464052287581699
"476","N1B",1993,"N4D",1993,0.571428571428572,0.507936507936508
"477","N1B",1994,"N1B",1994,0,0
"478","N1B",1994,"N20B",1994,0.590909090909091,0.398886827458256
"479","N1B",1994,"N4B",1994,0.529411764705882,0.413636363636364
"480","N1B",1994,"N4D",1994,0.619047619047619,0.560117302052786
"481","N1B",1995,"N1B",1995,0,0
"482","N1B",1995,"N20B",1995,1,1
"483","N1B",1995,"N4B",1995,1,1
"484","N1B",1995,"N4D",1995,1,1
"485","N1B",1996,"N1B",1996,0,0
"486","N1B",1996,"N20B",1996,0.578947368421053,0.433544303797468
"487","N1B",1996,"N4B",1996,0.466666666666667,0.513888888888889
"488","N1B",1996,"N4D",1996,0.631578947368421,0.511904761904762
"489","N1B",1997,"N1B",1997,0,0
"490","N1B",1997,"N20B",1997,0.473684210526316,0.440993788819876
"491","N1B",1997,"N4B",1997,0.4375,0.456521739130435
"492","N1B",1997,"N4D",1997,0.470588235294118,0.405797101449275
"493","N1B",1998,"N1B",1998,0,0
"494","N1B",1998,"N20B",1998,0.55,0.315453384418902
"495","N1B",1998,"N4B",1998,0.466666666666667,0.352777777777778
"496","N1B",1998,"N4D",1998,0.55,0.466466466466466
"497","N1B",1999,"N1B",1999,0,0
"498","N1B",1999,"N20B",1999,0.636363636363636,0.430884904569115
"499","N1B",1999,"N4B",1999,0.6,0.53306342780027
"500","N1B",1999,"N4D",1999,0.631578947368421,0.494736842105263
"501","N1B",2000,"N1B",2000,0,0
"502","N1B",2000,"N20B",2000,0.55,0.373756218905473
"503","N1B",2000,"N4B",2000,0.5625,0.482142857142857
"504","N1B",2000,"N4D",2000,0.4375,0.352380952380952
"505","N1B",2001,"N1B",2001,0,0
"506","N1B",2001,"N20B",2001,0.619047619047619,0.446741573033708
"507","N1B",2001,"N4B",2001,0.789473684210526,0.657777777777778
"508","N1B",2001,"N4D",2001,0.7,0.645555555555556
"509","N1B",2002,"N1B",2002,0,0
"510","N1B",2002,"N20B",2002,0.782608695652174,0.630252100840336
"511","N1B",2002,"N4B",2002,0.789473684210526,0.584033613445378
"512","N1B",2002,"N4D",2002,0.6875,0.471788715486194
"513","N1B",2003,"N1B",2003,0,0
"514","N1B",2003,"N20B",2003,0.68,0.467146282973621
"515","N1B",2003,"N4B",2003,0.72,0.592013888888889
"516","N1B",2003,"N4D",2003,0.678571428571428,0.520098039215686
"517","N1B",2004,"N1B",2004,0,0
"518","N1B",2004,"N20B",2004,0.590909090909091,0.493009565857248
"519","N1B",2004,"N4B",2004,0.588235294117647,0.443188951663528
"520","N1B",2004,"N4D",2004,0.578947368421053,0.327009936766034
"521","N1B",2005,"N1B",2005,0,0
"522","N1B",2005,"N20B",2005,0.793103448275862,0.517103090351498
"523","N1B",2005,"N4B",2005,0.8,0.831384015594542
"524","N1B",2005,"N4D",2005,0.714285714285714,0.576998050682261
"525","N1B",2006,"N1B",2006,0,0
"526","N1B",2006,"N20B",2006,0.695652173913044,0.380745341614907
"527","N1B",2006,"N4B",2006,0.6,0.543859649122807
"528","N1B",2006,"N4D",2006,0.740740740740741,0.399159663865546
"529","N1B",2007,"N1B",2007,0,0
"530","N1B",2007,"N20B",2007,0.607142857142857,0.593039772727272
"531","N1B",2007,"N4B",2007,0.64,0.666433566433566
"532","N1B",2007,"N4D",2007,0.416666666666667,0.435122501611863
"533","N1B",2008,"N1B",2008,0,0
"534","N1B",2008,"N20B",2008,0.583333333333333,0.4
"535","N1B",2008,"N4B",2008,0.388888888888889,0.46489773355445
"536","N1B",2008,"N4D",2008,0.666666666666667,0.429193899782135
"537","N1B",2009,"N1B",2009,0,0
"538","N1B",2009,"N20B",2009,0.636363636363636,0.470416666666667
"539","N1B",2009,"N4B",2009,0.6,0.571494252873563
"540","N1B",2009,"N4D",2009,0.607142857142857,0.507106227106227
"541","N20B",1992,"N20B",1992,0,0
"542","N20B",1992,"N4B",1992,0.421052631578947,0.379878048780488
"543","N20B",1992,"N4D",1992,0.380952380952381,0.420833333333333
"544","N20B",1993,"N20B",1993,0,0
"545","N20B",1993,"N4B",1993,0.478260869565217,0.568174962292609
"546","N20B",1993,"N4D",1993,0.44,0.508608058608059
"547","N20B",1994,"N20B",1994,0,0
"548","N20B",1994,"N4B",1994,0.5,0.276530612244898
"549","N20B",1994,"N4D",1994,0.461538461538462,0.310401579986833
"550","N20B",1995,"N20B",1995,0,0
"551","N20B",1995,"N4B",1995,0.538461538461538,0.511904761904762
"552","N20B",1995,"N4D",1995,0.333333333333333,0.324074074074074
"553","N20B",1996,"N20B",1996,0,0
"554","N20B",1996,"N4B",1996,0.421052631578947,0.322081575246132
"555","N20B",1996,"N4D",1996,0.5,0.373869801084991
"556","N20B",1997,"N20B",1997,0,0
"557","N20B",1997,"N4B",1997,0.5,0.193877551020408
"558","N20B",1997,"N4D",1997,0.368421052631579,0.311337868480726
"559","N20B",1998,"N20B",1998,0,0
"560","N20B",1998,"N4B",1998,0.421052631578947,0.346264367816092
"561","N20B",1998,"N4D",1998,0.5,0.435538987263125
"562","N20B",1999,"N20B",1999,0,0
"563","N20B",1999,"N4B",1999,0.6,0.487179487179487
"564","N20B",1999,"N4D",1999,0.461538461538462,0.356043956043956
"565","N20B",2000,"N20B",2000,0,0
"566","N20B",2000,"N4B",2000,0.64,0.445628997867804
"567","N20B",2000,"N4D",2000,0.285714285714286,0.24136460554371
"568","N20B",2001,"N20B",2001,0,0
"569","N20B",2001,"N4B",2001,0.608695652173913,0.457344985434873
"570","N20B",2001,"N4D",2001,0.478260869565217,0.327715355805244
"571","N20B",2002,"N20B",2002,0,0
"572","N20B",2002,"N4B",2002,0.7,0.446428571428572
"573","N20B",2002,"N4D",2002,0.576923076923077,0.319327731092437
"574","N20B",2003,"N20B",2003,0,0
"575","N20B",2003,"N4B",2003,0.458333333333333,0.346897482014388
"576","N20B",2003,"N4D",2003,0.384615384615385,0.2748624629708
"577","N20B",2004,"N20B",2004,0,0
"578","N20B",2004,"N4B",2004,0.52,0.28622741048378
"579","N20B",2004,"N4D",2004,0.4,0.292925214020352
"580","N20B",2005,"N20B",2005,0,0
"581","N20B",2005,"N4B",2005,0.633333333333333,0.734663090848139
"582","N20B",2005,"N4D",2005,0.428571428571429,0.437479047938317
"583","N20B",2006,"N20B",2006,0,0
"584","N20B",2006,"N4B",2006,0.541666666666667,0.528909229595729
"585","N20B",2006,"N4D",2006,0.4,0.282438192668372
"586","N20B",2007,"N20B",2007,0,0
"587","N20B",2007,"N4B",2007,0.612903225806452,0.450600961538462
"588","N20B",2007,"N4D",2007,0.483870967741936,0.342032358156029
"589","N20B",2008,"N20B",2008,0,0
"590","N20B",2008,"N4B",2008,0.5,0.398562741846324
"591","N20B",2008,"N4D",2008,0.444444444444444,0.286928104575163
"592","N20B",2009,"N20B",2009,0,0
"593","N20B",2009,"N4B",2009,0.363636363636364,0.527478448275862
"594","N20B",2009,"N4D",2009,0.379310344827586,0.301854395604396
"595","N4B",1992,"N4B",1992,0,0
"596","N4B",1992,"N4D",1992,0.521739130434783,0.41260162601626
"597","N4B",1993,"N4B",1993,0,0
"598","N4B",1993,"N4D",1993,0.48,0.371848739495798
"599","N4B",1994,"N4B",1994,0,0
"600","N4B",1994,"N4D",1994,0.521739130434783,0.341397849462366
"601","N4B",1995,"N4B",1995,0,0
"602","N4B",1995,"N4D",1995,0.647058823529412,0.521164021164021
"603","N4B",1996,"N4B",1996,0,0
"604","N4B",1996,"N4D",1996,0.55,0.353174603174603
"605","N4B",1997,"N4B",1997,0,0
"606","N4B",1997,"N4D",1997,0.2,0.318840579710145
"607","N4B",1998,"N4B",1998,0,0
"608","N4B",1998,"N4D",1998,0.333333333333333,0.30945945945946
"609","N4B",1999,"N4B",1999,0,0
"610","N4B",1999,"N4D",1999,0.590909090909091,0.426373626373626
"611","N4B",2000,"N4B",2000,0,0
"612","N4B",2000,"N4D",2000,0.571428571428572,0.5
"613","N4B",2001,"N4B",2001,0,0
"614","N4B",2001,"N4D",2001,0.739130434782609,0.518518518518519
"615","N4B",2002,"N4B",2002,0,0
"616","N4B",2002,"N4D",2002,0.72,0.387755102040816
"617","N4B",2003,"N4B",2003,0,0
"618","N4B",2003,"N4D",2003,0.535714285714286,0.353860294117647
"619","N4B",2004,"N4B",2004,0,0
"620","N4B",2004,"N4D",2004,0.263157894736842,0.293096320793716
"621","N4B",2005,"N4B",2005,0,0
"622","N4B",2005,"N4D",2005,0.68,0.666666666666667
"623","N4B",2006,"N4B",2006,0,0
"624","N4B",2006,"N4D",2006,0.655172413793103,0.47781217750258
"625","N4B",2007,"N4B",2007,0,0
"626","N4B",2007,"N4D",2007,0.551724137931034,0.563557010365521
"627","N4B",2008,"N4B",2008,0,0
"628","N4B",2008,"N4D",2008,0.52,0.436347673397717
"629","N4B",2009,"N4B",2009,0,0
"630","N4B",2009,"N4D",2009,0.548387096774194,0.586333207022862
"631","N4D",1992,"N4D",1992,0,0
"632","N4D",1993,"N4D",1993,0,0
"633","N4D",1994,"N4D",1994,0,0
"634","N4D",1995,"N4D",1995,0,0
"635","N4D",1996,"N4D",1996,0,0
"636","N4D",1997,"N4D",1997,0,0
"637","N4D",1998,"N4D",1998,0,0
"638","N4D",1999,"N4D",1999,0,0
"639","N4D",2000,"N4D",2000,0,0
"640","N4D",2001,"N4D",2001,0,0
"641","N4D",2002,"N4D",2002,0,0
"642","N4D",2003,"N4D",2003,0,0
"643","N4D",2004,"N4D",2004,0,0
"644","N4D",2005,"N4D",2005,0,0
"645","N4D",2006,"N4D",2006,0,0
"646","N4D",2007,"N4D",2007,0,0
"647","N4D",2008,"N4D",2008,0,0
"648","N4D",2009,"N4D",2009,0,0
