"","watershed.Watershed1","watershed.Year1","watershed.Watershed2","watershed.Year2","watershed.jaccard_diss","watershed.gower_diss"
"1","1D",1992,"1D",1992,0,0
"2","1D",1992,"20B",1992,0.470588235294118,0.149741258741259
"3","1D",1992,"4A",1992,0.394230769230769,0.123383616383616
"4","1D",1992,"4B",1992,0.464912280701754,0.153527805527806
"5","1D",1992,"N1B",1992,0.466101694915254,0.141575091575092
"6","1D",1992,"N20B",1992,0.694214876033058,0.177311688311688
"7","1D",1992,"N4A",1992,0.461538461538462,0.131624042624043
"8","1D",1992,"N4D",1992,0.472,0.159168831168831
"9","1D",1993,"1D",1993,0,0
"10","1D",1993,"20B",1993,0.490566037735849,0.131261627261627
"11","1D",1993,"4A",1993,0.5,0.146464535464535
"12","1D",1993,"4B",1993,0.481481481481481,0.147034632034632
"13","1D",1993,"N1B",1993,0.43010752688172,0.0859010989010989
"14","1D",1993,"N20B",1993,0.550387596899225,0.168674325674326
"15","1D",1993,"N4A",1993,0.539130434782609,0.145835497835498
"16","1D",1993,"N4D",1993,0.525862068965517,0.134615717615718
"17","1D",1994,"1D",1994,0,0
"18","1D",1994,"20B",1994,0.52,0.12581351981352
"19","1D",1994,"4A",1994,0.532710280373832,0.132977355977356
"20","1D",1994,"4B",1994,0.5,0.12138628038628
"21","1D",1994,"N1B",1994,0.489130434782609,0.0982051282051282
"22","1D",1994,"N20B",1994,0.592307692307692,0.160795204795205
"23","1D",1994,"N4A",1994,0.51,0.101624042624043
"24","1D",1994,"N4D",1994,0.548672566371681,0.148725607725608
"25","1D",1995,"1D",1995,0,0
"26","1D",1995,"20B",1995,0.514563106796116,0.140439893439893
"27","1D",1995,"4A",1995,0.509433962264151,0.122175158175158
"28","1D",1995,"4B",1995,0.474747474747475,0.123359307359307
"29","1D",1995,"N1B",1995,0.518181818181818,0.117648351648352
"30","1D",1995,"N20B",1995,0.573643410852713,0.146641358641359
"31","1D",1995,"N4A",1995,0.475728155339806,0.118051615051615
"32","1D",1995,"N4D",1995,0.553719008264463,0.145784215784216
"33","1D",1996,"1D",1996,0,0
"34","1D",1996,"20B",1996,0.471153846153846,0.146982017982018
"35","1D",1996,"4A",1996,0.475728155339806,0.0835048285048285
"36","1D",1996,"4B",1996,0.450980392156863,0.111820845820846
"37","1D",1996,"N1B",1996,0.432692307692308,0.0851611721611721
"38","1D",1996,"N20B",1996,0.53968253968254,0.171073593073593
"39","1D",1996,"N4A",1996,0.470588235294118,0.10710656010656
"40","1D",1996,"N4D",1996,0.53968253968254,0.111686535686536
"41","1D",1997,"1D",1997,0,0
"42","1D",1997,"20B",1997,0.459459459459459,0.125571761571762
"43","1D",1997,"4A",1997,0.456140350877193,0.0943153513153513
"44","1D",1997,"4B",1997,0.440366972477064,0.11947286047286
"45","1D",1997,"N1B",1997,0.418181818181818,0.0795091575091575
"46","1D",1997,"N20B",1997,0.49618320610687,0.137083583083583
"47","1D",1997,"N4A",1997,0.461538461538462,0.110443556443556
"48","1D",1997,"N4D",1997,0.496124031007752,0.112393495393495
"49","1D",1998,"1D",1998,0,0
"50","1D",1998,"20B",1998,0.469565217391304,0.114824508824509
"51","1D",1998,"4A",1998,0.491071428571429,0.0976277056277056
"52","1D",1998,"4B",1998,0.42,0.0993166833166833
"53","1D",1998,"N1B",1998,0.468468468468469,0.0964908424908425
"54","1D",1998,"N20B",1998,0.521739130434783,0.15081351981352
"55","1D",1998,"N4A",1998,0.473684210526316,0.115051615051615
"56","1D",1998,"N4D",1998,0.51937984496124,0.113623043623044
"57","1D",1999,"1D",1999,0,0
"58","1D",1999,"20B",1999,0.52755905511811,0.153725607725608
"59","1D",1999,"4A",1999,0.436974789915966,0.0816460206460206
"60","1D",1999,"4B",1999,0.487603305785124,0.139545121545122
"61","1D",1999,"N1B",1999,0.482456140350877,0.0938571428571428
"62","1D",1999,"N20B",1999,0.559440559440559,0.184614718614719
"63","1D",1999,"N4A",1999,0.5,0.118634032634033
"64","1D",1999,"N4D",1999,0.496240601503759,0.106792873792874
"65","1D",2000,"1D",2000,0,0
"66","1D",2000,"20B",2000,0.53448275862069,0.124614718614719
"67","1D",2000,"4A",2000,0.548387096774194,0.123820845820846
"68","1D",2000,"4B",2000,0.495575221238938,0.118998334998335
"69","1D",2000,"N1B",2000,0.508771929824561,0.0945567765567765
"70","1D",2000,"N20B",2000,0.564285714285714,0.160966366966367
"71","1D",2000,"N4A",2000,0.477477477477477,0.0859087579087579
"72","1D",2000,"N4D",2000,0.524193548387097,0.122511155511156
"73","1D",2001,"1D",2001,0,0
"74","1D",2001,"20B",2001,0.472727272727273,0.110449883449883
"75","1D",2001,"4A",2001,0.495798319327731,0.118787878787879
"76","1D",2001,"4B",2001,0.458715596330275,0.109149517149517
"77","1D",2001,"N1B",2001,0.531746031746032,0.12903663003663
"78","1D",2001,"N20B",2001,0.556338028169014,0.150894105894106
"79","1D",2001,"N4A",2001,0.532258064516129,0.124267732267732
"80","1D",2001,"N4D",2001,0.496062992125984,0.10786013986014
"81","1D",2002,"1D",2002,0,0
"82","1D",2002,"20B",2002,0.408163265306122,0.107083361083361
"83","1D",2002,"4A",2002,0.441176470588235,0.0963802863802863
"84","1D",2002,"4B",2002,0.454545454545455,0.103737262737263
"85","1D",2002,"N1B",2002,0.453703703703704,0.0927106227106227
"86","1D",2002,"N20B",2002,0.567375886524823,0.163528138528139
"87","1D",2002,"N4A",2002,0.477064220183486,0.0934875124875124
"88","1D",2002,"N4D",2002,0.532846715328467,0.130434232434232
"89","1D",2003,"1D",2003,0,0
"90","1D",2003,"20B",2003,0.495049504950495,0.114924741924742
"91","1D",2003,"4A",2003,0.455445544554455,0.102259407259407
"92","1D",2003,"4B",2003,0.434343434343434,0.0992354312354312
"93","1D",2003,"N1B",2003,0.478260869565217,0.110450549450549
"94","1D",2003,"N20B",2003,0.570422535211268,0.166585414585415
"95","1D",2003,"N4A",2003,0.552,0.126308025308025
"96","1D",2003,"N4D",2003,0.550724637681159,0.14254045954046
"97","1D",2004,"1D",2004,0,0
"98","1D",2004,"20B",2004,0.555555555555556,0.110930735930736
"99","1D",2004,"4A",2004,0.48,0.0965194805194805
"100","1D",2004,"4B",2004,0.458333333333333,0.0951132201132201
"101","1D",2004,"N1B",2004,0.531531531531532,0.102168498168498
"102","1D",2004,"N20B",2004,0.560606060606061,0.134556110556111
"103","1D",2004,"N4A",2004,0.525423728813559,0.10110656010656
"104","1D",2004,"N4D",2004,0.57037037037037,0.140045954045954
"105","1D",2005,"1D",2005,0,0
"106","1D",2005,"20B",2005,0.525773195876289,0.105271395271395
"107","1D",2005,"4A",2005,0.5,0.0874891774891774
"108","1D",2005,"4B",2005,0.472527472527473,0.0807261627261627
"109","1D",2005,"N1B",2005,0.530434782608696,0.111168498168498
"110","1D",2005,"N20B",2005,0.623188405797101,0.143508491508492
"111","1D",2005,"N4A",2005,0.580645161290323,0.111575424575425
"112","1D",2005,"N4D",2005,0.578947368421053,0.130654012654013
"113","1D",2006,"1D",2006,0,0
"114","1D",2006,"20B",2006,0.526315789473684,0.127241092241092
"115","1D",2006,"4A",2006,0.491071428571429,0.0957712287712287
"116","1D",2006,"4B",2006,0.481481481481481,0.103680874680875
"117","1D",2006,"N1B",2006,0.548387096774194,0.122732600732601
"118","1D",2006,"N20B",2006,0.579310344827586,0.160932400932401
"119","1D",2006,"N4A",2006,0.52755905511811,0.119809856809857
"120","1D",2006,"N4D",2006,0.572413793103448,0.15067476967477
"121","1D",2007,"1D",2007,0,0
"122","1D",2007,"20B",2007,0.555555555555556,0.109747585747586
"123","1D",2007,"4A",2007,0.518867924528302,0.111338994338994
"124","1D",2007,"4B",2007,0.474226804123711,0.0984979464979465
"125","1D",2007,"N1B",2007,0.574803149606299,0.135326007326007
"126","1D",2007,"N20B",2007,0.591549295774648,0.154463536463536
"127","1D",2007,"N4A",2007,0.547619047619048,0.111751248751249
"128","1D",2007,"N4D",2007,0.590277777777778,0.159085026085026
"129","1D",2008,"1D",2008,0,0
"130","1D",2008,"20B",2008,0.504424778761062,0.111977355977356
"131","1D",2008,"4A",2008,0.466019417475728,0.101130203130203
"132","1D",2008,"4B",2008,0.480392156862745,0.103399156399156
"133","1D",2008,"N1B",2008,0.533333333333333,0.119714285714286
"134","1D",2008,"N20B",2008,0.586206896551724,0.144441558441559
"135","1D",2008,"N4A",2008,0.534883720930233,0.114312687312687
"136","1D",2008,"N4D",2008,0.58041958041958,0.160351204351204
"137","1D",2009,"1D",2009,0,0
"138","1D",2009,"20B",2009,0.548672566371681,0.109507270507271
"139","1D",2009,"4A",2009,0.475728155339806,0.0956173826173826
"140","1D",2009,"4B",2009,0.41,0.0817910977910978
"141","1D",2009,"N1B",2009,0.512,0.113886446886447
"142","1D",2009,"N20B",2009,0.587096774193548,0.157188811188811
"143","1D",2009,"N4A",2009,0.551470588235294,0.128619380619381
"144","1D",2009,"N4D",2009,0.525179856115108,0.123259629259629
"145","1D",2010,"1D",2010,0,0
"146","1D",2010,"20B",2010,0.560747663551402,0.11578465978466
"147","1D",2010,"4A",2010,0.48,0.0894855144855145
"148","1D",2010,"4B",2010,0.494623655913978,0.0873052503052503
"149","1D",2010,"N1B",2010,0.577235772357724,0.133992673992674
"150","1D",2010,"N20B",2010,0.618055555555556,0.146177822177822
"151","1D",2010,"N4A",2010,0.624113475177305,0.14744721944722
"152","1D",2010,"N4D",2010,0.624161073825503,0.159069153069153
"153","1D",2011,"1D",2011,0,0
"154","1D",2011,"20B",2011,0.56,0.0993744033744033
"155","1D",2011,"4A",2011,0.472527472527473,0.0751228771228771
"156","1D",2011,"4B",2011,0.458823529411765,0.0756849816849817
"157","1D",2011,"N1B",2011,0.582608695652174,0.114553113553114
"158","1D",2011,"N20B",2011,0.627737226277372,0.137420801420801
"159","1D",2011,"N4A",2011,0.570247933884298,0.121217782217782
"160","1D",2011,"N4D",2011,0.574803149606299,0.123239982239982
"161","1D",2012,"1D",2012,0,0
"162","1D",2012,"20B",2012,0.520833333333333,0.09206549006549
"163","1D",2012,"4A",2012,0.510869565217391,0.0798115218115218
"164","1D",2012,"4B",2012,0.528735632183908,0.0794517704517704
"165","1D",2012,"N1B",2012,0.615384615384615,0.118274725274725
"166","1D",2012,"N20B",2012,0.638297872340426,0.159722610722611
"167","1D",2012,"N4A",2012,0.579831932773109,0.11164035964036
"168","1D",2012,"N4D",2012,0.581967213114754,0.115147075147075
"169","1D",2013,"1D",2013,0,0
"170","1D",2013,"20B",2013,0.564356435643564,0.100602841602842
"171","1D",2013,"4A",2013,0.494949494949495,0.0808398268398268
"172","1D",2013,"4B",2013,0.53,0.0954627594627594
"173","1D",2013,"N1B",2013,0.591666666666667,0.123695970695971
"174","1D",2013,"N20B",2013,0.655629139072848,0.165552780552781
"175","1D",2013,"N4A",2013,0.580152671755725,0.136288711288711
"176","1D",2013,"N4D",2013,0.627737226277372,0.157255744255744
"177","1D",2014,"1D",2014,0,0
"178","1D",2014,"20B",2014,0.633663366336634,0.106682095682096
"179","1D",2014,"4A",2014,0.510416666666667,0.0852037962037962
"180","1D",2014,"4B",2014,0.580645161290323,0.0942673992673992
"181","1D",2014,"N1B",2014,0.612068965517241,0.124150183150183
"182","1D",2014,"N20B",2014,0.676056338028169,0.155390276390276
"183","1D",2014,"N4A",2014,0.609756097560976,0.130105561105561
"184","1D",2014,"N4D",2014,0.661870503597122,0.167427905427905
"185","1D",2015,"1D",2015,0,0
"186","1D",2015,"20B",2015,0.625,0.124854478854479
"187","1D",2015,"4A",2015,0.514851485148515,0.0989726939726939
"188","1D",2015,"4B",2015,0.575757575757576,0.112489621489621
"189","1D",2015,"N1B",2015,0.669172932330827,0.160860805860806
"190","1D",2015,"N20B",2015,0.703488372093023,0.211500166500167
"191","1D",2015,"N4A",2015,0.645833333333333,0.171026196026196
"192","1D",2015,"N4D",2015,0.664556962025316,0.187476745476746
"193","1D",2016,"1D",2016,0,0
"194","1D",2016,"20B",2016,0.611570247933884,0.128230547230547
"195","1D",2016,"4A",2016,0.528846153846154,0.107987345987346
"196","1D",2016,"4B",2016,0.551020408163265,0.103346764346764
"197","1D",2016,"N1B",2016,0.62589928057554,0.157461538461539
"198","1D",2016,"N20B",2016,0.687150837988827,0.214708957708958
"199","1D",2016,"N4A",2016,0.640522875816993,0.167918636918637
"200","1D",2016,"N4D",2016,0.654320987654321,0.180378843378843
"201","1D",2017,"1D",2017,0,0
"202","1D",2017,"20B",2017,0.62992125984252,0.151960705960706
"203","1D",2017,"4A",2017,0.570175438596491,0.118690642690643
"204","1D",2017,"4B",2017,0.520833333333333,0.0929240759240759
"205","1D",2017,"N1B",2017,0.678832116788321,0.16548717948718
"206","1D",2017,"N20B",2017,0.723404255319149,0.23416317016317
"207","1D",2017,"N4A",2017,0.673202614379085,0.175070152070152
"208","1D",2017,"N4D",2017,0.71264367816092,0.214877011877012
"209","1D",2018,"1D",2018,0,0
"210","1D",2018,"20B",2018,0.622950819672131,0.135935064935065
"211","1D",2018,"4A",2018,0.485714285714286,0.092038628038628
"212","1D",2018,"4B",2018,0.510416666666667,0.087053502053502
"213","1D",2018,"N1B",2018,0.62406015037594,0.148249084249084
"214","1D",2018,"N20B",2018,0.655172413793103,0.202357309357309
"215","1D",2018,"N4A",2018,0.62987012987013,0.169916305916306
"216","1D",2018,"N4D",2018,0.679558011049724,0.227037185037185
"217","1D",2019,"1D",2019,0,0
"218","1D",2019,"20B",2019,0.669230769230769,0.157294039294039
"219","1D",2019,"4A",2019,0.53448275862069,0.12576023976024
"220","1D",2019,"4B",2019,0.619469026548673,0.121422466422466
"221","1D",2019,"N1B",2019,0.664473684210526,0.192996336996337
"222","1D",2019,"N20B",2019,0.691099476439791,0.230694305694306
"223","1D",2019,"N4A",2019,0.668674698795181,0.199425463425463
"224","1D",2019,"N4D",2019,0.679775280898876,0.21646941946942
"225","1D",2020,"1D",2020,0,0
"226","1D",2020,"20B",2020,0.661417322834646,0.154642024642025
"227","1D",2020,"4A",2020,0.545454545454545,0.109616161616162
"228","1D",2020,"4B",2020,0.564356435643564,0.103136752136752
"229","1D",2020,"N1B",2020,0.675324675324675,0.196941391941392
"230","1D",2020,"N20B",2020,0.715025906735751,0.246717726717727
"231","1D",2020,"N4A",2020,0.695402298850575,0.218601287601288
"232","1D",2020,"N4D",2020,0.702857142857143,0.222515817515818
"233","1D",2021,"1D",2021,0,0
"234","1D",2021,"20B",2021,0.674074074074074,0.169605394605395
"235","1D",2021,"4A",2021,0.531531531531532,0.103927516927517
"236","1D",2021,"4B",2021,0.574074074074074,0.119095016095016
"237","1D",2021,"N1B",2021,0.655405405405405,0.170494505494506
"238","1D",2021,"N20B",2021,0.71,0.25233411033411
"239","1D",2021,"N4A",2021,0.67065868263473,0.192564657564658
"240","1D",2021,"N4D",2021,0.702247191011236,0.216996891996892
"241","1D",2022,"1D",2022,0,0
"242","1D",2022,"20B",2022,0.676691729323308,0.177869130869131
"243","1D",2022,"4A",2022,0.509615384615385,0.0929591519591519
"244","1D",2022,"4B",2022,0.544554455445545,0.0954503274503274
"245","1D",2022,"N1B",2022,0.630872483221476,0.164446886446886
"246","1D",2022,"N20B",2022,0.714285714285714,0.259376845376845
"247","1D",2022,"N4A",2022,0.678787878787879,0.195396159396159
"248","1D",2022,"N4D",2022,0.685393258426966,0.220568320568321
"249","20B",1992,"20B",1992,0,0
"250","20B",1992,"4A",1992,0.441860465116279,0.161004995004995
"251","20B",1992,"4B",1992,0.3671875,0.139317682317682
"252","20B",1992,"N1B",1992,0.407407407407407,0.143997668997669
"253","20B",1992,"N20B",1992,0.556390977443609,0.176654678654679
"254","20B",1992,"N4A",1992,0.46031746031746,0.141040293040293
"255","20B",1992,"N4D",1992,0.357664233576642,0.129991674991675
"256","20B",1993,"20B",1993,0,0
"257","20B",1993,"4A",1993,0.436507936507937,0.142502053502053
"258","20B",1993,"4B",1993,0.324786324786325,0.1112553002553
"259","20B",1993,"N1B",1993,0.381818181818182,0.126547341547342
"260","20B",1993,"N20B",1993,0.315384615384615,0.129495726495727
"261","20B",1993,"N4A",1993,0.412698412698413,0.138832722832723
"262","20B",1993,"N4D",1993,0.376,0.120821733821734
"263","20B",1994,"20B",1994,0,0
"264","20B",1994,"4A",1994,0.418032786885246,0.136929403929404
"265","20B",1994,"4B",1994,0.422413793103448,0.117155178155178
"266","20B",1994,"N1B",1994,0.423423423423423,0.123439893439893
"267","20B",1994,"N20B",1994,0.377777777777778,0.126652014652015
"268","20B",1994,"N4A",1994,0.391304347826087,0.114614385614386
"269","20B",1994,"N4D",1994,0.4,0.14067032967033
"270","20B",1995,"20B",1995,0,0
"271","20B",1995,"4A",1995,0.479674796747967,0.156431235431235
"272","20B",1995,"4B",1995,0.363636363636364,0.106882783882784
"273","20B",1995,"N1B",1995,0.451612903225806,0.153025974025974
"274","20B",1995,"N20B",1995,0.374045801526718,0.1193663003663
"275","20B",1995,"N4A",1995,0.423728813559322,0.120813186813187
"276","20B",1995,"N4D",1995,0.466165413533835,0.174663003663004
"277","20B",1996,"20B",1996,0,0
"278","20B",1996,"4A",1996,0.420168067226891,0.152625374625375
"279","20B",1996,"4B",1996,0.384615384615385,0.104186813186813
"280","20B",1996,"N1B",1996,0.422764227642276,0.149264069264069
"281","20B",1996,"N20B",1996,0.383458646616541,0.128699633699634
"282","20B",1996,"N4A",1996,0.373913043478261,0.113157509157509
"283","20B",1996,"N4D",1996,0.407407407407407,0.150123321123321
"284","20B",1997,"20B",1997,0,0
"285","20B",1997,"4A",1997,0.464566929133858,0.13867032967033
"286","20B",1997,"4B",1997,0.384615384615385,0.10929304029304
"287","20B",1997,"N1B",1997,0.480314960629921,0.139300699300699
"288","20B",1997,"N20B",1997,0.338461538461538,0.111834165834166
"289","20B",1997,"N4A",1997,0.368852459016393,0.0955457875457875
"290","20B",1997,"N4D",1997,0.433823529411765,0.13731746031746
"291","20B",1998,"20B",1998,0,0
"292","20B",1998,"4A",1998,0.443609022556391,0.116669330669331
"293","20B",1998,"4B",1998,0.40650406504065,0.105708291708292
"294","20B",1998,"N1B",1998,0.412213740458015,0.112502164502165
"295","20B",1998,"N20B",1998,0.319444444444444,0.111893772893773
"296","20B",1998,"N4A",1998,0.369230769230769,0.0968717948717948
"297","20B",1998,"N4D",1998,0.364285714285714,0.117421245421245
"298","20B",1999,"20B",1999,0,0
"299","20B",1999,"4A",1999,0.445205479452055,0.155683982683983
"300","20B",1999,"4B",1999,0.352941176470588,0.110222444222444
"301","20B",1999,"N1B",1999,0.437956204379562,0.144036963036963
"302","20B",1999,"N20B",1999,0.308219178082192,0.127416583416583
"303","20B",1999,"N4A",1999,0.366906474820144,0.112783882783883
"304","20B",1999,"N4D",1999,0.414473684210526,0.151470196470197
"305","20B",2000,"20B",2000,0,0
"306","20B",2000,"4A",2000,0.453900709219858,0.122464202464202
"307","20B",2000,"4B",2000,0.424242424242424,0.123116217116217
"308","20B",2000,"N1B",2000,0.492753623188406,0.126790542790543
"309","20B",2000,"N20B",2000,0.437908496732026,0.141413919413919
"310","20B",2000,"N4A",2000,0.443609022556391,0.113453213453213
"311","20B",2000,"N4D",2000,0.362962962962963,0.102072261072261
"312","20B",2001,"20B",2001,0,0
"313","20B",2001,"4A",2001,0.463235294117647,0.130299367299367
"314","20B",2001,"4B",2001,0.403225806451613,0.107058608058608
"315","20B",2001,"N1B",2001,0.496503496503497,0.149852813852814
"316","20B",2001,"N20B",2001,0.433333333333333,0.124097902097902
"317","20B",2001,"N4A",2001,0.485714285714286,0.138314019314019
"318","20B",2001,"N4D",2001,0.432624113475177,0.125446886446886
"319","20B",2002,"20B",2002,0,0
"320","20B",2002,"4A",2002,0.460869565217391,0.131272505272505
"321","20B",2002,"4B",2002,0.431192660550459,0.107428016428016
"322","20B",2002,"N1B",2002,0.471074380165289,0.133530247530248
"323","20B",2002,"N20B",2002,0.482758620689655,0.144061383061383
"324","20B",2002,"N4A",2002,0.491803278688525,0.12746398046398
"325","20B",2002,"N4D",2002,0.479166666666667,0.126322788322788
"326","20B",2003,"20B",2003,0,0
"327","20B",2003,"4A",2003,0.491228070175439,0.119312687312687
"328","20B",2003,"4B",2003,0.416666666666667,0.0994462204462204
"329","20B",2003,"N1B",2003,0.496062992125984,0.142283716283716
"330","20B",2003,"N20B",2003,0.5,0.150466533466534
"331","20B",2003,"N4A",2003,0.529850746268657,0.133407925407925
"332","20B",2003,"N4D",2003,0.510344827586207,0.147908757908758
"333","20B",2004,"20B",2004,0,0
"334","20B",2004,"4A",2004,0.508620689655172,0.116629037629038
"335","20B",2004,"4B",2004,0.44954128440367,0.102490176490176
"336","20B",2004,"N1B",2004,0.53968253968254,0.13943623043623
"337","20B",2004,"N20B",2004,0.534722222222222,0.140475191475191
"338","20B",2004,"N4A",2004,0.555555555555556,0.138520146520147
"339","20B",2004,"N4D",2004,0.503496503496503,0.135063936063936
"340","20B",2005,"20B",2005,0,0
"341","20B",2005,"4A",2005,0.481818181818182,0.103492507492507
"342","20B",2005,"4B",2005,0.411764705882353,0.10584792984793
"343","20B",2005,"N1B",2005,0.511627906976744,0.137927072927073
"344","20B",2005,"N20B",2005,0.5,0.133086913086913
"345","20B",2005,"N4A",2005,0.568345323741007,0.138619047619048
"346","20B",2005,"N4D",2005,0.463768115942029,0.131162837162837
"347","20B",2006,"20B",2006,0,0
"348","20B",2006,"4A",2006,0.514492753623188,0.137988011988012
"349","20B",2006,"4B",2006,0.484848484848485,0.134642468642469
"350","20B",2006,"N1B",2006,0.48951048951049,0.131636696636697
"351","20B",2006,"N20B",2006,0.4875,0.152299367299367
"352","20B",2006,"N4A",2006,0.52317880794702,0.143892773892774
"353","20B",2006,"N4D",2006,0.452229299363057,0.140102786102786
"354","20B",2007,"20B",2007,0,0
"355","20B",2007,"4A",2007,0.508064516129032,0.125452214452214
"356","20B",2007,"4B",2007,0.442477876106195,0.0997173937173937
"357","20B",2007,"N1B",2007,0.463235294117647,0.131930735930736
"358","20B",2007,"N20B",2007,0.490066225165563,0.141111555111555
"359","20B",2007,"N4A",2007,0.534722222222222,0.125835164835165
"360","20B",2007,"N4D",2007,0.480263157894737,0.148321567321567
"361","20B",2008,"20B",2008,0,0
"362","20B",2008,"4A",2008,0.450819672131148,0.104757242757243
"363","20B",2008,"4B",2008,0.41025641025641,0.0927990897990898
"364","20B",2008,"N1B",2008,0.489051094890511,0.129259407259407
"365","20B",2008,"N20B",2008,0.496815286624204,0.135848817848818
"366","20B",2008,"N4A",2008,0.472222222222222,0.122492507492507
"367","20B",2008,"N4D",2008,0.460526315789474,0.137177267177267
"368","20B",2009,"20B",2009,0,0
"369","20B",2009,"4A",2009,0.443478260869565,0.102312798312798
"370","20B",2009,"4B",2009,0.412280701754386,0.0902471972471972
"371","20B",2009,"N1B",2009,0.470588235294118,0.116441336441336
"372","20B",2009,"N20B",2009,0.49375,0.147723054723055
"373","20B",2009,"N4A",2009,0.530201342281879,0.128331113331113
"374","20B",2009,"N4D",2009,0.45578231292517,0.118926961926962
"375","20B",2010,"20B",2010,0,0
"376","20B",2010,"4A",2010,0.479338842975207,0.11139072039072
"377","20B",2010,"4B",2010,0.392523364485981,0.0806561216561216
"378","20B",2010,"N1B",2010,0.531914893617021,0.149176601176601
"379","20B",2010,"N20B",2010,0.528662420382166,0.152214896214896
"380","20B",2010,"N4A",2010,0.578616352201258,0.154315462315462
"381","20B",2010,"N4D",2010,0.509433962264151,0.153118437118437
"382","20B",2011,"20B",2011,0,0
"383","20B",2011,"4A",2011,0.439252336448598,0.0907643467643467
"384","20B",2011,"4B",2011,0.393939393939394,0.0809186369186369
"385","20B",2011,"N1B",2011,0.541984732824427,0.125378066378066
"386","20B",2011,"N20B",2011,0.550335570469799,0.141953601953602
"387","20B",2011,"N4A",2011,0.564285714285714,0.127218892218892
"388","20B",2011,"N4D",2011,0.474452554744526,0.114420135420135
"389","20B",2012,"20B",2012,0,0
"390","20B",2012,"4A",2012,0.462264150943396,0.0825763125763126
"391","20B",2012,"4B",2012,0.395833333333333,0.0691665001665002
"392","20B",2012,"N1B",2012,0.553846153846154,0.125966588966589
"393","20B",2012,"N20B",2012,0.496551724137931,0.138795093795094
"394","20B",2012,"N4A",2012,0.511450381679389,0.113230991230991
"395","20B",2012,"N4D",2012,0.469230769230769,0.11197335997336
"396","20B",2013,"20B",2013,0,0
"397","20B",2013,"4A",2013,0.452173913043478,0.0871063381063381
"398","20B",2013,"4B",2013,0.414414414414414,0.0862518592518592
"399","20B",2013,"N1B",2013,0.533333333333333,0.129544233544234
"400","20B",2013,"N20B",2013,0.493506493506494,0.145614163614164
"401","20B",2013,"N4A",2013,0.557046979865772,0.154761016761017
"402","20B",2013,"N4D",2013,0.482517482517482,0.141207903207903
"403","20B",2014,"20B",2014,0,0
"404","20B",2014,"4A",2014,0.5,0.109772005772006
"405","20B",2014,"4B",2014,0.403846153846154,0.0883545343545343
"406","20B",2014,"N1B",2014,0.544776119402985,0.13229748029748
"407","20B",2014,"N20B",2014,0.468965517241379,0.131614163614164
"408","20B",2014,"N4A",2014,0.514492753623188,0.135983127983128
"409","20B",2014,"N4D",2014,0.503401360544218,0.142250527250527
"410","20B",2015,"20B",2015,0,0
"411","20B",2015,"4A",2015,0.556390977443609,0.137493506493507
"412","20B",2015,"4B",2015,0.524193548387097,0.125371406371406
"413","20B",2015,"N1B",2015,0.639751552795031,0.182711621711622
"414","20B",2015,"N20B",2015,0.559782608695652,0.193017316017316
"415","20B",2015,"N4A",2015,0.589285714285714,0.185820956820957
"416","20B",2015,"N4D",2015,0.578651685393259,0.18611766011766
"417","20B",2016,"20B",2016,0,0
"418","20B",2016,"4A",2016,0.4609375,0.110206571206571
"419","20B",2016,"4B",2016,0.48780487804878,0.108940392940393
"420","20B",2016,"N1B",2016,0.575757575757576,0.16786790986791
"421","20B",2016,"N20B",2016,0.531578947368421,0.197375069375069
"422","20B",2016,"N4A",2016,0.56,0.181667221667222
"423","20B",2016,"N4D",2016,0.519774011299435,0.174291264291264
"424","20B",2017,"20B",2017,0,0
"425","20B",2017,"4A",2017,0.475862068965517,0.137013653013653
"426","20B",2017,"4B",2017,0.484848484848485,0.141732600732601
"427","20B",2017,"N1B",2017,0.61849710982659,0.208107226107226
"428","20B",2017,"N20B",2017,0.51,0.223284715284715
"429","20B",2017,"N4A",2017,0.55,0.206245865245865
"430","20B",2017,"N4D",2017,0.5,0.200373071373071
"431","20B",2018,"20B",2018,0,0
"432","20B",2018,"4A",2018,0.465648854961832,0.125713286713287
"433","20B",2018,"4B",2018,0.418803418803419,0.0982832722832723
"434","20B",2018,"N1B",2018,0.575949367088608,0.160154845154845
"435","20B",2018,"N20B",2018,0.524064171122995,0.190683982683983
"436","20B",2018,"N4A",2018,0.545977011494253,0.177454656454656
"437","20B",2018,"N4D",2018,0.521052631578947,0.198831945831946
"438","20B",2019,"20B",2019,0,0
"439","20B",2019,"4A",2019,0.496503496503497,0.145086913086913
"440","20B",2019,"4B",2019,0.417322834645669,0.0975789765789766
"441","20B",2019,"N1B",2019,0.606741573033708,0.20420979020979
"442","20B",2019,"N20B",2019,0.53960396039604,0.212585081585082
"443","20B",2019,"N4A",2019,0.546448087431694,0.197648795648796
"444","20B",2019,"N4D",2019,0.494623655913978,0.184956487956488
"445","20B",2020,"20B",2020,0,0
"446","20B",2020,"4A",2020,0.513888888888889,0.147909867909868
"447","20B",2020,"4B",2020,0.469230769230769,0.123285936285936
"448","20B",2020,"N1B",2020,0.605405405405405,0.221825174825175
"449","20B",2020,"N20B",2020,0.548076923076923,0.231511599511599
"450","20B",2020,"N4A",2020,0.573604060913706,0.230289821289821
"451","20B",2020,"N4D",2020,0.497326203208556,0.198082251082251
"452","20B",2021,"20B",2021,0,0
"453","20B",2021,"4A",2021,0.506666666666667,0.163690087690088
"454","20B",2021,"4B",2021,0.517241379310345,0.146984126984127
"455","20B",2021,"N1B",2021,0.594594594594595,0.219015651015651
"456","20B",2021,"N20B",2021,0.529953917050691,0.231745032745033
"457","20B",2021,"N4A",2021,0.541237113402062,0.216403374403374
"458","20B",2021,"N4D",2021,0.471204188481675,0.188777000777001
"459","20B",2022,"20B",2022,0,0
"460","20B",2022,"4A",2022,0.507142857142857,0.169530247530248
"461","20B",2022,"4B",2022,0.522058823529412,0.152057387057387
"462","20B",2022,"N1B",2022,0.590163934426229,0.219224442224442
"463","20B",2022,"N20B",2022,0.541666666666667,0.247000222000222
"464","20B",2022,"N4A",2022,0.575916230366492,0.224201909201909
"465","20B",2022,"N4D",2022,0.530612244897959,0.212956487956488
"466","4A",1992,"4A",1992,0,0
"467","4A",1992,"4B",1992,0.40983606557377,0.106158841158841
"468","4A",1992,"N1B",1992,0.461538461538462,0.168284715284715
"469","4A",1992,"N20B",1992,0.659090909090909,0.185290709290709
"470","4A",1992,"N4A",1992,0.372727272727273,0.0916863136863137
"471","4A",1992,"N4D",1992,0.455882352941176,0.15891341991342
"472","4A",1993,"4A",1993,0,0
"473","4A",1993,"4B",1993,0.325,0.111825507825508
"474","4A",1993,"N1B",1993,0.422413793103448,0.135772227772228
"475","4A",1993,"N20B",1993,0.328358208955224,0.130515484515485
"476","4A",1993,"N4A",1993,0.319672131147541,0.107031968031968
"477","4A",1993,"N4D",1993,0.349206349206349,0.123658341658342
"478","4A",1994,"4A",1994,0,0
"479","4A",1994,"4B",1994,0.358974358974359,0.122257742257742
"480","4A",1994,"N1B",1994,0.371681415929204,0.10748285048285
"481","4A",1994,"N20B",1994,0.394366197183099,0.133456876456876
"482","4A",1994,"N4A",1994,0.383333333333333,0.126650016650017
"483","4A",1994,"N4D",1994,0.341269841269841,0.121387279387279
"484","4A",1995,"4A",1995,0,0
"485","4A",1995,"4B",1995,0.36283185840708,0.107995337995338
"486","4A",1995,"N1B",1995,0.371900826446281,0.122365634365634
"487","4A",1995,"N20B",1995,0.397058823529412,0.124815850815851
"488","4A",1995,"N4A",1995,0.38135593220339,0.121735264735265
"489","4A",1995,"N4D",1995,0.354330708661417,0.120207792207792
"490","4A",1996,"4A",1996,0,0
"491","4A",1996,"4B",1996,0.359649122807018,0.107852480852481
"492","4A",1996,"N1B",1996,0.358974358974359,0.0861971361971362
"493","4A",1996,"N20B",1996,0.456521739130435,0.173603396603397
"494","4A",1996,"N4A",1996,0.36283185840708,0.102105228105228
"495","4A",1996,"N4D",1996,0.41044776119403,0.101146742146742
"496","4A",1997,"4A",1997,0,0
"497","4A",1997,"4B",1997,0.396694214876033,0.116879120879121
"498","4A",1997,"N1B",1997,0.377049180327869,0.0914948384948385
"499","4A",1997,"N20B",1997,0.421428571428571,0.149427572427572
"500","4A",1997,"N4A",1997,0.418604651162791,0.112589743589744
"501","4A",1997,"N4D",1997,0.408759124087591,0.0922539682539683
"502","4A",1998,"4A",1998,0,0
"503","4A",1998,"4B",1998,0.425,0.117220113220113
"504","4A",1998,"N1B",1998,0.4296875,0.0966386946386946
"505","4A",1998,"N20B",1998,0.412162162162162,0.14286346986347
"506","4A",1998,"N4A",1998,0.373015873015873,0.114720612720613
"507","4A",1998,"N4D",1998,0.391304347826087,0.0904788544788545
"508","4A",1999,"4A",1999,0,0
"509","4A",1999,"4B",1999,0.335820895522388,0.121210456210456
"510","4A",1999,"N1B",1999,0.422222222222222,0.0992614052614052
"511","4A",1999,"N20B",1999,0.402597402597403,0.169906426906427
"512","4A",1999,"N4A",1999,0.37410071942446,0.113933066933067
"513","4A",1999,"N4D",1999,0.4,0.103029637029637
"514","4A",2000,"4A",2000,0,0
"515","4A",2000,"4B",2000,0.360902255639098,0.117829503829504
"516","4A",2000,"N1B",2000,0.360902255639098,0.10806993006993
"517","4A",2000,"N20B",2000,0.372549019607843,0.126090576090576
"518","4A",2000,"N4A",2000,0.343511450381679,0.101992673992674
"519","4A",2000,"N4D",2000,0.395833333333333,0.113195804195804
"520","4A",2001,"4A",2001,0,0
"521","4A",2001,"4B",2001,0.314516129032258,0.0871088911088911
"522","4A",2001,"N1B",2001,0.41958041958042,0.13288677988678
"523","4A",2001,"N20B",2001,0.381578947368421,0.104377289377289
"524","4A",2001,"N4A",2001,0.372262773722628,0.100205128205128
"525","4A",2001,"N4D",2001,0.421768707482993,0.126808524808525
"526","4A",2002,"4A",2002,0,0
"527","4A",2002,"4B",2002,0.388888888888889,0.102514485514485
"528","4A",2002,"N1B",2002,0.406779661016949,0.11826307026307
"529","4A",2002,"N20B",2002,0.462068965517241,0.141675324675325
"530","4A",2002,"N4A",2002,0.330357142857143,0.0877865467865468
"531","4A",2002,"N4D",2002,0.425531914893617,0.122896436896437
"532","4A",2003,"4A",2003,0,0
"533","4A",2003,"4B",2003,0.394495412844037,0.103657342657343
"534","4A",2003,"N1B",2003,0.375,0.118658674658675
"535","4A",2003,"N20B",2003,0.472602739726027,0.139549450549451
"536","4A",2003,"N4A",2003,0.365853658536585,0.0922004662004662
"537","4A",2003,"N4D",2003,0.450704225352113,0.134215118215118
"538","4A",2004,"4A",2004,0,0
"539","4A",2004,"4B",2004,0.351851851851852,0.0817365967365967
"540","4A",2004,"N1B",2004,0.378151260504202,0.110885780885781
"541","4A",2004,"N20B",2004,0.439716312056738,0.123252747252747
"542","4A",2004,"N4A",2004,0.3,0.0808854478854479
"543","4A",2004,"N4D",2004,0.440559440559441,0.128244422244422
"544","4A",2005,"4A",2005,0,0
"545","4A",2005,"4B",2005,0.447619047619048,0.0963505383505383
"546","4A",2005,"N1B",2005,0.468253968253968,0.111302364302364
"547","4A",2005,"N20B",2005,0.437956204379562,0.11630303030303
"548","4A",2005,"N4A",2005,0.412698412698413,0.0955987345987346
"549","4A",2005,"N4D",2005,0.467625899280576,0.124586080586081
"550","4A",2006,"4A",2006,0,0
"551","4A",2006,"4B",2006,0.417322834645669,0.107323565323565
"552","4A",2006,"N1B",2006,0.438848920863309,0.117829836829837
"553","4A",2006,"N20B",2006,0.462025316455696,0.139849816849817
"554","4A",2006,"N4A",2006,0.4,0.114481518481519
"555","4A",2006,"N4D",2006,0.465408805031447,0.144625152625153
"556","4A",2007,"4A",2007,0,0
"557","4A",2007,"4B",2007,0.390909090909091,0.0835618825618826
"558","4A",2007,"N1B",2007,0.444444444444444,0.118496503496503
"559","4A",2007,"N20B",2007,0.473333333333333,0.130443223443223
"560","4A",2007,"N4A",2007,0.34375,0.0784961704961705
"561","4A",2007,"N4D",2007,0.463576158940397,0.131628815628816
"562","4A",2008,"4A",2008,0,0
"563","4A",2008,"4B",2008,0.409090909090909,0.0820931290931291
"564","4A",2008,"N1B",2008,0.46875,0.113130203130203
"565","4A",2008,"N20B",2008,0.469387755102041,0.123289377289377
"566","4A",2008,"N4A",2008,0.37984496124031,0.0958431568431568
"567","4A",2008,"N4D",2008,0.482993197278911,0.129601953601954
"568","4A",2009,"4A",2009,0,0
"569","4A",2009,"4B",2009,0.358490566037736,0.0755876345876346
"570","4A",2009,"N1B",2009,0.453846153846154,0.110463536463536
"571","4A",2009,"N20B",2009,0.528301886792453,0.156406593406593
"572","4A",2009,"N4A",2009,0.463768115942029,0.113774558774559
"573","4A",2009,"N4D",2009,0.482758620689655,0.125092796092796
"574","4A",2010,"4A",2010,0,0
"575","4A",2010,"4B",2010,0.380952380952381,0.0851823731823732
"576","4A",2010,"N1B",2010,0.481481481481481,0.141404928404928
"577","4A",2010,"N20B",2010,0.550632911392405,0.164450549450549
"578","4A",2010,"N4A",2010,0.476190476190476,0.127723276723277
"579","4A",2010,"N4D",2010,0.522012578616352,0.16271916971917
"580","4A",2011,"4A",2011,0,0
"581","4A",2011,"4B",2011,0.344086021505376,0.063998001998002
"582","4A",2011,"N1B",2011,0.48780487804878,0.107654012654013
"583","4A",2011,"N20B",2011,0.514084507042254,0.130605616605617
"584","4A",2011,"N4A",2011,0.444444444444444,0.0903666333666333
"585","4A",2011,"N4D",2011,0.442748091603053,0.104625263625264
"586","4A",2012,"4A",2012,0,0
"587","4A",2012,"4B",2012,0.344444444444444,0.0553545343545344
"588","4A",2012,"N1B",2012,0.487603305785124,0.0913316683316683
"589","4A",2012,"N20B",2012,0.5,0.123925740925741
"590","4A",2012,"N4A",2012,0.389830508474576,0.0768011988011988
"591","4A",2012,"N4D",2012,0.448,0.0846229326229326
"592","4A",2013,"4A",2013,0,0
"593","4A",2013,"4B",2013,0.434782608695652,0.0808280608280608
"594","4A",2013,"N1B",2013,0.434108527131783,0.0926603396603396
"595","4A",2013,"N20B",2013,0.496815286624204,0.137177156177156
"596","4A",2013,"N4A",2013,0.41304347826087,0.108587745587746
"597","4A",2013,"N4D",2013,0.454545454545455,0.118140859140859
"598","4A",2014,"4A",2014,0,0
"599","4A",2014,"4B",2014,0.29,0.0700526140526141
"600","4A",2014,"N1B",2014,0.425196850393701,0.111639693639694
"601","4A",2014,"N20B",2014,0.486666666666667,0.13974025974026
"602","4A",2014,"N4A",2014,0.421052631578947,0.11364035964036
"603","4A",2014,"N4D",2014,0.48993288590604,0.14904329004329
"604","4A",2015,"4A",2015,0,0
"605","4A",2015,"4B",2015,0.415929203539823,0.0984473304473304
"606","4A",2015,"N1B",2015,0.517241379310345,0.152104562104562
"607","4A",2015,"N20B",2015,0.541899441340782,0.183010989010989
"608","4A",2015,"N4A",2015,0.467105263157895,0.148974580974581
"609","4A",2015,"N4D",2015,0.526627218934911,0.174626595626596
"610","4A",2016,"4A",2016,0,0
"611","4A",2016,"4B",2016,0.416666666666667,0.0854912864912865
"612","4A",2016,"N1B",2016,0.533333333333333,0.148965367965368
"613","4A",2016,"N20B",2016,0.565217391304348,0.193439560439561
"614","4A",2016,"N4A",2016,0.509433962264151,0.150415473415473
"615","4A",2016,"N4D",2016,0.520958083832335,0.160336219336219
"616","4A",2017,"4A",2017,0,0
"617","4A",2017,"4B",2017,0.43801652892562,0.110548451548452
"618","4A",2017,"N1B",2017,0.547770700636943,0.153994671994672
"619","4A",2017,"N20B",2017,0.505208333333333,0.189860805860806
"620","4A",2017,"N4A",2017,0.4375,0.142763347763348
"621","4A",2017,"N4D",2017,0.477528089887641,0.17260483960484
"622","4A",2018,"4A",2018,0,0
"623","4A",2018,"4B",2018,0.456140350877193,0.0979672549672549
"624","4A",2018,"N1B",2018,0.5,0.134866466866467
"625","4A",2018,"N20B",2018,0.524861878453039,0.186765567765568
"626","4A",2018,"N4A",2018,0.445859872611465,0.140701076701077
"627","4A",2018,"N4D",2018,0.521739130434783,0.201213897213897
"628","4A",2019,"4A",2019,0,0
"629","4A",2019,"4B",2019,0.476923076923077,0.116599955599956
"630","4A",2019,"N1B",2019,0.487654320987654,0.166668664668665
"631","4A",2019,"N20B",2019,0.502564102564103,0.204494505494506
"632","4A",2019,"N4A",2019,0.434523809523809,0.163748695748696
"633","4A",2019,"N4D",2019,0.478021978021978,0.180506937506938
"634","4A",2020,"4A",2020,0,0
"635","4A",2020,"4B",2020,0.411764705882353,0.0914326784326784
"636","4A",2020,"N1B",2020,0.566473988439306,0.192271839271839
"637","4A",2020,"N20B",2020,0.554455445544554,0.22208325008325
"638","4A",2020,"N4A",2020,0.510989010989011,0.197556998556999
"639","4A",2020,"N4D",2020,0.494444444444444,0.192287157287157
"640","4A",2021,"4A",2021,0,0
"641","4A",2021,"4B",2021,0.395161290322581,0.102801198801199
"642","4A",2021,"N1B",2021,0.530120481927711,0.163433011433012
"643","4A",2021,"N20B",2021,0.563981042654028,0.230201465201465
"644","4A",2021,"N4A",2021,0.508379888268156,0.187443445443446
"645","4A",2021,"N4D",2021,0.516129032258065,0.189318903318903
"646","4A",2022,"4A",2022,0,0
"647","4A",2022,"4B",2022,0.407079646017699,0.0969380619380619
"648","4A",2022,"N1B",2022,0.527950310559006,0.17101776001776
"649","4A",2022,"N20B",2022,0.572815533980582,0.2410111000111
"650","4A",2022,"N4A",2022,0.497005988023952,0.171599622599623
"651","4A",2022,"N4D",2022,0.540983606557377,0.210390831390831
"652","4B",1992,"4B",1992,0,0
"653","4B",1992,"N1B",1992,0.4,0.148450882450882
"654","4B",1992,"N20B",1992,0.52,0.14892673992674
"655","4B",1992,"N4A",1992,0.359649122807018,0.0968927738927739
"656","4B",1992,"N4D",1992,0.373134328358209,0.136358974358974
"657","4B",1993,"4B",1993,0,0
"658","4B",1993,"N1B",1993,0.403508771929825,0.12591008991009
"659","4B",1993,"N20B",1993,0.335820895522388,0.134917082917083
"660","4B",1993,"N4A",1993,0.341463414634146,0.116070929070929
"661","4B",1993,"N4D",1993,0.3828125,0.12365700965701
"662","4B",1994,"4B",1994,0,0
"663","4B",1994,"N1B",1994,0.418181818181818,0.106968697968698
"664","4B",1994,"N20B",1994,0.373134328358209,0.12135298035298
"665","4B",1994,"N4A",1994,0.280373831775701,0.0834911754911755
"666","4B",1994,"N4D",1994,0.408,0.143246753246753
"667","4B",1995,"4B",1995,0,0
"668","4B",1995,"N1B",1995,0.416666666666667,0.145000333000333
"669","4B",1995,"N20B",1995,0.364341085271318,0.111846153846154
"670","4B",1995,"N4A",1995,0.296296296296296,0.0917912087912088
"671","4B",1995,"N4D",1995,0.396825396825397,0.145611721611722
"672","4B",1996,"4B",1996,0,0
"673","4B",1996,"N1B",1996,0.391666666666667,0.105956376956377
"674","4B",1996,"N20B",1996,0.353846153846154,0.122175824175824
"675","4B",1996,"N4A",1996,0.324324324324324,0.0771465201465201
"676","4B",1996,"N4D",1996,0.366412213740458,0.122561660561661
"677","4B",1997,"4B",1997,0,0
"678","4B",1997,"N1B",1997,0.426229508196721,0.12110656010656
"679","4B",1997,"N20B",1997,0.3203125,0.107757242757243
"680","4B",1997,"N4A",1997,0.307692307692308,0.0809047619047619
"681","4B",1997,"N4D",1997,0.393939393939394,0.116905982905983
"682","4B",1998,"4B",1998,0,0
"683","4B",1998,"N1B",1998,0.492063492063492,0.129917415917416
"684","4B",1998,"N20B",1998,0.433566433566434,0.122671661671662
"685","4B",1998,"N4A",1998,0.396694214876033,0.113217449217449
"686","4B",1998,"N4D",1998,0.425373134328358,0.125268731268731
"687","4B",1999,"4B",1999,0,0
"688","4B",1999,"N1B",1999,0.421052631578947,0.134435231435231
"689","4B",1999,"N20B",1999,0.324137931034483,0.127941391941392
"690","4B",1999,"N4A",1999,0.244094488188976,0.0897096237096237
"691","4B",1999,"N4D",1999,0.354166666666667,0.124415251415251
"692","4B",2000,"4B",2000,0,0
"693","4B",2000,"N1B",2000,0.412213740458015,0.125679653679654
"694","4B",2000,"N20B",2000,0.395973154362416,0.141270063270063
"695","4B",2000,"N4A",2000,0.344,0.104144522144522
"696","4B",2000,"N4D",2000,0.362962962962963,0.114391941391941
"697","4B",2001,"4B",2001,0,0
"698","4B",2001,"N1B",2001,0.430656934306569,0.120032301032301
"699","4B",2001,"N20B",2001,0.39041095890411,0.118379953379953
"700","4B",2001,"N4A",2001,0.369230769230769,0.0953799533799534
"701","4B",2001,"N4D",2001,0.362962962962963,0.102820512820513
"702","4B",2002,"4B",2002,0,0
"703","4B",2002,"N1B",2002,0.431034482758621,0.109935064935065
"704","4B",2002,"N20B",2002,0.471830985915493,0.142890442890443
"705","4B",2002,"N4A",2002,0.383928571428571,0.093026307026307
"706","4B",2002,"N4D",2002,0.434782608695652,0.127771894771895
"707","4B",2003,"4B",2003,0,0
"708","4B",2003,"N1B",2003,0.435483870967742,0.123290376290376
"709","4B",2003,"N20B",2003,0.468965517241379,0.153719613719614
"710","4B",2003,"N4A",2003,0.387096774193548,0.101007992007992
"711","4B",2003,"N4D",2003,0.457746478873239,0.131471528471528
"712","4B",2004,"4B",2004,0,0
"713","4B",2004,"N1B",2004,0.43801652892562,0.11303996003996
"714","4B",2004,"N20B",2004,0.434782608695652,0.127406926406926
"715","4B",2004,"N4A",2004,0.319327731092437,0.0868491508491508
"716","4B",2004,"N4D",2004,0.389705882352941,0.118012321012321
"717","4B",2005,"4B",2005,0,0
"718","4B",2005,"N1B",2005,0.483870967741936,0.116290265290265
"719","4B",2005,"N20B",2005,0.485507246376812,0.139041847041847
"720","4B",2005,"N4A",2005,0.452380952380952,0.107978576978577
"721","4B",2005,"N4D",2005,0.447761194029851,0.126050172050172
"722","4B",2006,"4B",2006,0,0
"723","4B",2006,"N1B",2006,0.417910447761194,0.109050838050838
"724","4B",2006,"N20B",2006,0.444444444444444,0.140279609279609
"725","4B",2006,"N4A",2006,0.340909090909091,0.090999222999223
"726","4B",2006,"N4D",2006,0.406666666666667,0.122986568986569
"727","4B",2007,"4B",2007,0,0
"728","4B",2007,"N1B",2007,0.441860465116279,0.113560217560218
"729","4B",2007,"N20B",2007,0.461538461538462,0.132576534576535
"730","4B",2007,"N4A",2007,0.4140625,0.0832082362082362
"731","4B",2007,"N4D",2007,0.429577464788732,0.127925740925741
"732","4B",2008,"4B",2008,0,0
"733","4B",2008,"N1B",2008,0.456,0.110380841380841
"734","4B",2008,"N20B",2008,0.489795918367347,0.124796425796426
"735","4B",2008,"N4A",2008,0.415384615384615,0.102690864690865
"736","4B",2008,"N4D",2008,0.450704225352113,0.11928971028971
"737","4B",2009,"4B",2009,0,0
"738","4B",2009,"N1B",2009,0.462121212121212,0.111816738816739
"739","4B",2009,"N20B",2009,0.496815286624204,0.14556931956932
"740","4B",2009,"N4A",2009,0.437956204379562,0.10980907980908
"741","4B",2009,"N4D",2009,0.414285714285714,0.119513153513154
"742","4B",2010,"4B",2010,0,0
"743","4B",2010,"N1B",2010,0.4921875,0.124477411477411
"744","4B",2010,"N20B",2010,0.562913907284768,0.13536186036186
"745","4B",2010,"N4A",2010,0.527777777777778,0.120158397158397
"746","4B",2010,"N4D",2010,0.52317880794702,0.143877122877123
"747","4B",2011,"4B",2011,0,0
"748","4B",2011,"N1B",2011,0.516666666666667,0.115498168498168
"749","4B",2011,"N20B",2011,0.528985507246377,0.128842934842935
"750","4B",2011,"N4A",2011,0.483870967741936,0.0984012654012654
"751","4B",2011,"N4D",2011,0.456692913385827,0.107016428016428
"752","4B",2012,"4B",2012,0,0
"753","4B",2012,"N1B",2012,0.53781512605042,0.108818070818071
"754","4B",2012,"N20B",2012,0.532374100719424,0.132864690864691
"755","4B",2012,"N4A",2012,0.516393442622951,0.100119103119103
"756","4B",2012,"N4D",2012,0.471074380165289,0.0972790542790542
"757","4B",2013,"4B",2013,0,0
"758","4B",2013,"N1B",2013,0.484848484848485,0.114916971916972
"759","4B",2013,"N20B",2013,0.480519480519481,0.140203019203019
"760","4B",2013,"N4A",2013,0.45,0.125723498723499
"761","4B",2013,"N4D",2013,0.446808510638298,0.124089799089799
"762","4B",2014,"4B",2014,0,0
"763","4B",2014,"N1B",2014,0.463414634146341,0.106703296703297
"764","4B",2014,"N20B",2014,0.510344827586207,0.138767232767233
"765","4B",2014,"N4A",2014,0.480916030534351,0.116051948051948
"766","4B",2014,"N4D",2014,0.503496503496503,0.143755244755245
"767","4B",2015,"4B",2015,0,0
"768","4B",2015,"N1B",2015,0.589041095890411,0.157072039072039
"769","4B",2015,"N20B",2015,0.576271186440678,0.18989787989788
"770","4B",2015,"N4A",2015,0.516556291390728,0.147155733155733
"771","4B",2015,"N4D",2015,0.55421686746988,0.168873681873682
"772","4B",2016,"4B",2016,0,0
"773","4B",2016,"N1B",2016,0.606666666666667,0.162727716727717
"774","4B",2016,"N20B",2016,0.617486338797814,0.202205572205572
"775","4B",2016,"N4A",2016,0.578616352201258,0.162673548673549
"776","4B",2016,"N4D",2016,0.586826347305389,0.166858030858031
"777","4B",2017,"4B",2017,0,0
"778","4B",2017,"N1B",2017,0.610738255033557,0.161151182151182
"779","4B",2017,"N20B",2017,0.607329842931937,0.208431235431236
"780","4B",2017,"N4A",2017,0.56875,0.16382461982462
"781","4B",2017,"N4D",2017,0.571428571428572,0.185153291153291
"782","4B",2018,"4B",2018,0,0
"783","4B",2018,"N1B",2018,0.581560283687943,0.140298923298923
"784","4B",2018,"N20B",2018,0.565714285714286,0.177223665223665
"785","4B",2018,"N4A",2018,0.575,0.158338661338661
"786","4B",2018,"N4D",2018,0.585635359116022,0.202082251082251
"787","4B",2019,"4B",2019,0,0
"788","4B",2019,"N1B",2019,0.574074074074074,0.177818070818071
"789","4B",2019,"N20B",2019,0.559585492227979,0.201797757797758
"790","4B",2019,"N4A",2019,0.543859649122807,0.175623376623377
"791","4B",2019,"N4D",2019,0.52247191011236,0.179905427905428
"792","4B",2020,"4B",2020,0,0
"793","4B",2020,"N1B",2020,0.587878787878788,0.194246642246642
"794","4B",2020,"N20B",2020,0.57948717948718,0.209459318459319
"795","4B",2020,"N4A",2020,0.553672316384181,0.197744255744256
"796","4B",2020,"N4D",2020,0.553672316384181,0.196562326562327
"797","4B",2021,"4B",2021,0,0
"798","4B",2021,"N1B",2021,0.58433734939759,0.181926517926518
"799","4B",2021,"N20B",2021,0.593301435406699,0.233295704295704
"800","4B",2021,"N4A",2021,0.550561797752809,0.193687867687868
"801","4B",2021,"N4D",2021,0.556756756756757,0.197980907980908
"802","4B",2022,"4B",2022,0,0
"803","4B",2022,"N1B",2022,0.603658536585366,0.178388056388056
"804","4B",2022,"N20B",2022,0.598039215686274,0.229375069375069
"805","4B",2022,"N4A",2022,0.553571428571429,0.173336219336219
"806","4B",2022,"N4D",2022,0.576923076923077,0.200164058164058
"807","N1B",1992,"N1B",1992,0,0
"808","N1B",1992,"N20B",1992,0.530769230769231,0.177699966699967
"809","N1B",1992,"N4A",1992,0.430894308943089,0.14080352980353
"810","N1B",1992,"N4D",1992,0.340740740740741,0.13555710955711
"811","N1B",1993,"N1B",1993,0,0
"812","N1B",1993,"N20B",1993,0.410852713178295,0.150319014319014
"813","N1B",1993,"N4A",1993,0.423728813559322,0.135648684648685
"814","N1B",1993,"N4D",1993,0.327433628318584,0.11148384948385
"815","N1B",1994,"N1B",1994,0,0
"816","N1B",1994,"N20B",1994,0.409090909090909,0.134985680985681
"817","N1B",1994,"N4A",1994,0.442477876106195,0.107331002331002
"818","N1B",1994,"N4D",1994,0.394957983193277,0.133721944721945
"819","N1B",1995,"N1B",1995,0,0
"820","N1B",1995,"N20B",1995,0.360294117647059,0.134458208458208
"821","N1B",1995,"N4A",1995,0.432,0.146615717615718
"822","N1B",1995,"N4D",1995,0.328125,0.121762237762238
"823","N1B",1996,"N1B",1996,0,0
"824","N1B",1996,"N20B",1996,0.365671641791045,0.155963702963703
"825","N1B",1996,"N4A",1996,0.38135593220339,0.106011322011322
"826","N1B",1996,"N4D",1996,0.365671641791045,0.107463092463092
"827","N1B",1997,"N1B",1997,0,0
"828","N1B",1997,"N20B",1997,0.389705882352941,0.14044622044622
"829","N1B",1997,"N4A",1997,0.409448818897638,0.103146853146853
"830","N1B",1997,"N4D",1997,0.325581395348837,0.0871554001554001
"831","N1B",1998,"N1B",1998,0,0
"832","N1B",1998,"N20B",1998,0.361111111111111,0.128637695637696
"833","N1B",1998,"N4A",1998,0.377952755905512,0.113117549117549
"834","N1B",1998,"N4D",1998,0.310606060606061,0.0694105894105894
"835","N1B",1999,"N1B",1999,0,0
"836","N1B",1999,"N20B",1999,0.414965986394558,0.161951714951715
"837","N1B",1999,"N4A",1999,0.386363636363636,0.107729270729271
"838","N1B",1999,"N4D",1999,0.330882352941176,0.0759247419247419
"839","N1B",2000,"N1B",2000,0,0
"840","N1B",2000,"N20B",2000,0.374149659863946,0.12211655011655
"841","N1B",2000,"N4A",2000,0.407692307692308,0.0951908091908092
"842","N1B",2000,"N4D",2000,0.312977099236641,0.0921448551448551
"843","N1B",2001,"N1B",2001,0,0
"844","N1B",2001,"N20B",2001,0.352941176470588,0.124707292707293
"845","N1B",2001,"N4A",2001,0.420689655172414,0.118564435564436
"846","N1B",2001,"N4D",2001,0.347222222222222,0.0982667332667332
"847","N1B",2002,"N1B",2002,0,0
"848","N1B",2002,"N20B",2002,0.406896551724138,0.133923742923743
"849","N1B",2002,"N4A",2002,0.44,0.0967036297036297
"850","N1B",2002,"N4D",2002,0.345323741007194,0.100155844155844
"851","N1B",2003,"N1B",2003,0,0
"852","N1B",2003,"N20B",2003,0.364864864864865,0.143863802863803
"853","N1B",2003,"N4A",2003,0.405797101449275,0.111674325674326
"854","N1B",2003,"N4D",2003,0.340277777777778,0.110580752580753
"855","N1B",2004,"N1B",2004,0,0
"856","N1B",2004,"N20B",2004,0.406896551724138,0.125090909090909
"857","N1B",2004,"N4A",2004,0.358778625954198,0.0838684648684648
"858","N1B",2004,"N4D",2004,0.340425531914894,0.0995624375624375
"859","N1B",2005,"N1B",2005,0,0
"860","N1B",2005,"N20B",2005,0.395973154362416,0.115790542790543
"861","N1B",2005,"N4A",2005,0.308270676691729,0.0765094905094905
"862","N1B",2005,"N4D",2005,0.287769784172662,0.0864012654012654
"863","N1B",2006,"N1B",2006,0,0
"864","N1B",2006,"N20B",2006,0.382165605095541,0.125328005328005
"865","N1B",2006,"N4A",2006,0.321428571428571,0.088974691974692
"866","N1B",2006,"N4D",2006,0.3,0.0936784326784326
"867","N1B",2007,"N1B",2007,0,0
"868","N1B",2007,"N20B",2007,0.335526315789474,0.111914085914086
"869","N1B",2007,"N4A",2007,0.361111111111111,0.0976633366633366
"870","N1B",2007,"N4D",2007,0.281879194630872,0.100733377733378
"871","N1B",2008,"N1B",2008,0,0
"872","N1B",2008,"N20B",2008,0.369127516778524,0.110734598734599
"873","N1B",2008,"N4A",2008,0.343065693430657,0.0717559107559107
"874","N1B",2008,"N4D",2008,0.314685314685315,0.0984317904317904
"875","N1B",2009,"N1B",2009,0,0
"876","N1B",2009,"N20B",2009,0.35625,0.118848151848152
"877","N1B",2009,"N4A",2009,0.337931034482759,0.0860882450882451
"878","N1B",2009,"N4D",2009,0.317567567567568,0.0851314241314241
"879","N1B",2010,"N1B",2010,0,0
"880","N1B",2010,"N20B",2010,0.384615384615385,0.12168697968698
"881","N1B",2010,"N4A",2010,0.353333333333333,0.106494838494838
"882","N1B",2010,"N4D",2010,0.346153846153846,0.105281607281607
"883","N1B",2011,"N1B",2011,0,0
"884","N1B",2011,"N20B",2011,0.379310344827586,0.110303585303585
"885","N1B",2011,"N4A",2011,0.333333333333333,0.0779467199467199
"886","N1B",2011,"N4D",2011,0.311111111111111,0.0745550005550005
"887","N1B",2012,"N1B",2012,0,0
"888","N1B",2012,"N20B",2012,0.36986301369863,0.106627372627373
"889","N1B",2012,"N4A",2012,0.3203125,0.0645890775890776
"890","N1B",2012,"N4D",2012,0.340909090909091,0.0858174048174048
"891","N1B",2013,"N1B",2013,0,0
"892","N1B",2013,"N20B",2013,0.389937106918239,0.116120546120546
"893","N1B",2013,"N4A",2013,0.340277777777778,0.0936403596403596
"894","N1B",2013,"N4D",2013,0.278571428571429,0.0855597735597735
"895","N1B",2014,"N1B",2014,0,0
"896","N1B",2014,"N20B",2014,0.355704697986577,0.102360972360972
"897","N1B",2014,"N4A",2014,0.335766423357664,0.0857868797868798
"898","N1B",2014,"N4D",2014,0.3125,0.1005670995671
"899","N1B",2015,"N1B",2015,0,0
"900","N1B",2015,"N20B",2015,0.408839779005525,0.126265734265734
"901","N1B",2015,"N4A",2015,0.385093167701863,0.123850371850372
"902","N1B",2015,"N4D",2015,0.366863905325444,0.110337551337551
"903","N1B",2016,"N1B",2016,0,0
"904","N1B",2016,"N20B",2016,0.410526315789474,0.155752913752914
"905","N1B",2016,"N4A",2016,0.333333333333333,0.100090798090798
"906","N1B",2016,"N4D",2016,0.343023255813953,0.11204551004551
"907","N1B",2017,"N1B",2017,0,0
"908","N1B",2017,"N20B",2017,0.419689119170984,0.151965367965368
"909","N1B",2017,"N4A",2017,0.365853658536585,0.0973631923631923
"910","N1B",2017,"N4D",2017,0.394444444444444,0.128056499056499
"911","N1B",2018,"N1B",2018,0,0
"912","N1B",2018,"N20B",2018,0.40983606557377,0.143045954045954
"913","N1B",2018,"N4A",2018,0.355828220858896,0.108634254634255
"914","N1B",2018,"N4D",2018,0.4,0.157132423132423
"915","N1B",2019,"N1B",2019,0,0
"916","N1B",2019,"N20B",2019,0.375,0.152635697635698
"917","N1B",2019,"N4A",2019,0.318181818181818,0.111176379176379
"918","N1B",2019,"N4D",2019,0.315217391304348,0.125832056832057
"919","N1B",2020,"N1B",2020,0,0
"920","N1B",2020,"N20B",2020,0.4,0.185109668109668
"921","N1B",2020,"N4A",2020,0.306451612903226,0.1240555000555
"922","N1B",2020,"N4D",2020,0.350785340314136,0.153413253413253
"923","N1B",2021,"N1B",2021,0,0
"924","N1B",2021,"N20B",2021,0.37799043062201,0.164850593850594
"925","N1B",2021,"N4A",2021,0.325966850828729,0.118619602619603
"926","N1B",2021,"N4D",2021,0.304347826086957,0.119249639249639
"927","N1B",2022,"N1B",2022,0,0
"928","N1B",2022,"N20B",2022,0.350961538461538,0.155222999222999
"929","N1B",2022,"N4A",2022,0.305084745762712,0.11020202020202
"930","N1B",2022,"N4D",2022,0.282608695652174,0.109183705183705
"931","N20B",1992,"N20B",1992,0,0
"932","N20B",1992,"N4A",1992,0.60655737704918,0.172127206127206
"933","N20B",1992,"N4D",1992,0.5,0.171915750915751
"934","N20B",1993,"N20B",1993,0,0
"935","N20B",1993,"N4A",1993,0.355072463768116,0.139065934065934
"936","N20B",1993,"N4D",1993,0.296296296296296,0.123054945054945
"937","N20B",1994,"N20B",1994,0,0
"938","N20B",1994,"N4A",1994,0.382352941176471,0.130160173160173
"939","N20B",1994,"N4D",1994,0.368055555555556,0.159842490842491
"940","N20B",1995,"N20B",1995,0,0
"941","N20B",1995,"N4A",1995,0.392592592592593,0.131886446886447
"942","N20B",1995,"N4D",1995,0.345070422535211,0.143978021978022
"943","N20B",1996,"N20B",1996,0,0
"944","N20B",1996,"N4A",1996,0.369230769230769,0.124582417582418
"945","N20B",1996,"N4D",1996,0.285714285714286,0.142898656898657
"946","N20B",1997,"N20B",1997,0,0
"947","N20B",1997,"N4A",1997,0.32089552238806,0.100852480852481
"948","N20B",1997,"N4D",1997,0.316901408450704,0.117271284271284
"949","N20B",1998,"N20B",1998,0,0
"950","N20B",1998,"N4A",1998,0.344827586206897,0.121454212454212
"951","N20B",1998,"N4D",1998,0.298013245033113,0.13074358974359
"952","N20B",1999,"N20B",1999,0,0
"953","N20B",1999,"N4A",1999,0.303448275862069,0.130698634698635
"954","N20B",1999,"N4D",1999,0.343949044585987,0.159287046287046
"955","N20B",2000,"N20B",2000,0,0
"956","N20B",2000,"N4A",2000,0.43421052631579,0.13830303030303
"957","N20B",2000,"N4D",2000,0.308724832214765,0.125500832500832
"958","N20B",2001,"N20B",2001,0,0
"959","N20B",2001,"N4A",2001,0.383116883116883,0.11925641025641
"960","N20B",2001,"N4D",2001,0.324675324675325,0.113815850815851
"961","N20B",2002,"N20B",2002,0,0
"962","N20B",2002,"N4A",2002,0.456375838926175,0.135095571095571
"963","N20B",2002,"N4D",2002,0.290322580645161,0.109587412587413
"964","N20B",2003,"N20B",2003,0,0
"965","N20B",2003,"N4A",2003,0.420382165605096,0.141478854478855
"966","N20B",2003,"N4D",2003,0.310126582278481,0.130357975357975
"967","N20B",2004,"N20B",2004,0,0
"968","N20B",2004,"N4A",2004,0.386666666666667,0.120966033966034
"969","N20B",2004,"N4D",2004,0.305194805194805,0.121387279387279
"970","N20B",2005,"N20B",2005,0,0
"971","N20B",2005,"N4A",2005,0.412903225806452,0.123530136530137
"972","N20B",2005,"N4D",2005,0.318181818181818,0.102317682317682
"973","N20B",2006,"N20B",2006,0,0
"974","N20B",2006,"N4A",2006,0.36875,0.126192141192141
"975","N20B",2006,"N4D",2006,0.317365269461078,0.115185592185592
"976","N20B",2007,"N20B",2007,0,0
"977","N20B",2007,"N4A",2007,0.344155844155844,0.105664668664669
"978","N20B",2007,"N4D",2007,0.237179487179487,0.0956764346764347
"979","N20B",2008,"N20B",2008,0,0
"980","N20B",2008,"N4A",2008,0.358974358974359,0.103960372960373
"981","N20B",2008,"N4D",2008,0.322981366459627,0.115492063492063
"982","N20B",2009,"N20B",2009,0,0
"983","N20B",2009,"N4A",2009,0.369047619047619,0.123441225441225
"984","N20B",2009,"N4D",2009,0.269938650306748,0.0997704517704517
"985","N20B",2010,"N20B",2010,0,0
"986","N20B",2010,"N4A",2010,0.347560975609756,0.109280053280053
"987","N20B",2010,"N4D",2010,0.311377245508982,0.123946275946276
"988","N20B",2011,"N20B",2011,0,0
"989","N20B",2011,"N4A",2011,0.388157894736842,0.117477744477744
"990","N20B",2011,"N4D",2011,0.302013422818792,0.0902980352980353
"991","N20B",2012,"N20B",2012,0,0
"992","N20B",2012,"N4A",2012,0.355704697986577,0.102140859140859
"993","N20B",2012,"N4D",2012,0.306122448979592,0.096993117993118
"994","N20B",2013,"N20B",2013,0,0
"995","N20B",2013,"N4A",2013,0.345454545454546,0.117652347652348
"996","N20B",2013,"N4D",2013,0.312883435582822,0.115000333000333
"997","N20B",2014,"N20B",2014,0,0
"998","N20B",2014,"N4A",2014,0.344155844155844,0.106434898434898
"999","N20B",2014,"N4D",2014,0.269230769230769,0.104856143856144
"1000","N20B",2015,"N20B",2015,0,0
"1001","N20B",2015,"N4A",2015,0.40625,0.142451992451993
"1002","N20B",2015,"N4D",2015,0.322916666666667,0.121569208569209
"1003","N20B",2016,"N20B",2016,0,0
"1004","N20B",2016,"N4A",2016,0.436274509803922,0.178834276834277
"1005","N20B",2016,"N4D",2016,0.355,0.159150627150627
"1006","N20B",2017,"N20B",2017,0,0
"1007","N20B",2017,"N4A",2017,0.348484848484849,0.154360417360417
"1008","N20B",2017,"N4D",2017,0.294117647058824,0.136245865245865
"1009","N20B",2018,"N20B",2018,0,0
"1010","N20B",2018,"N4A",2018,0.355670103092784,0.150492285492285
"1011","N20B",2018,"N4D",2018,0.229591836734694,0.120331113331113
"1012","N20B",2019,"N20B",2019,0,0
"1013","N20B",2019,"N4A",2019,0.33495145631068,0.146946497946498
"1014","N20B",2019,"N4D",2019,0.215,0.105221223221223
"1015","N20B",2020,"N20B",2020,0,0
"1016","N20B",2020,"N4A",2020,0.345622119815668,0.172599955599956
"1017","N20B",2020,"N4D",2020,0.265700483091787,0.140985791985792
"1018","N20B",2021,"N20B",2021,0,0
"1019","N20B",2021,"N4A",2021,0.339449541284404,0.163784104784105
"1020","N20B",2021,"N4D",2021,0.282407407407407,0.140502053502053
"1021","N20B",2022,"N20B",2022,0,0
"1022","N20B",2022,"N4A",2022,0.354838709677419,0.164735264735265
"1023","N20B",2022,"N4D",2022,0.265116279069767,0.131672993672994
"1024","N4A",1992,"N4A",1992,0,0
"1025","N4A",1992,"N4D",1992,0.4140625,0.128504495504495
"1026","N4A",1993,"N4A",1993,0,0
"1027","N4A",1993,"N4D",1993,0.401515151515151,0.140824175824176
"1028","N4A",1994,"N4A",1994,0,0
"1029","N4A",1994,"N4D",1994,0.441860465116279,0.152625374625375
"1030","N4A",1995,"N4A",1995,0,0
"1031","N4A",1995,"N4D",1995,0.412213740458015,0.158567765567766
"1032","N4A",1996,"N4A",1996,0,0
"1033","N4A",1996,"N4D",1996,0.417910447761194,0.125898656898657
"1034","N4A",1997,"N4A",1997,0,0
"1035","N4A",1997,"N4D",1997,0.402877697841727,0.115166056166056
"1036","N4A",1998,"N4A",1998,0,0
"1037","N4A",1998,"N4D",1998,0.378571428571429,0.118813186813187
"1038","N4A",1999,"N4A",1999,0,0
"1039","N4A",1999,"N4D",1999,0.344827586206897,0.109338328338328
"1040","N4A",2000,"N4A",2000,0,0
"1041","N4A",2000,"N4D",2000,0.405797101449275,0.112646353646354
"1042","N4A",2001,"N4A",2001,0,0
"1043","N4A",2001,"N4D",2001,0.401360544217687,0.114801198801199
"1044","N4A",2002,"N4A",2002,0,0
"1045","N4A",2002,"N4D",2002,0.398601398601399,0.112675657675658
"1046","N4A",2003,"N4A",2003,0,0
"1047","N4A",2003,"N4D",2003,0.333333333333333,0.104554778554779
"1048","N4A",2004,"N4A",2004,0,0
"1049","N4A",2004,"N4D",2004,0.344594594594595,0.10694671994672
"1050","N4A",2005,"N4A",2005,0,0
"1051","N4A",2005,"N4D",2005,0.333333333333333,0.0970932400932401
"1052","N4A",2006,"N4A",2006,0,0
"1053","N4A",2006,"N4D",2006,0.372670807453416,0.111341103341103
"1054","N4A",2007,"N4A",2007,0,0
"1055","N4A",2007,"N4D",2007,0.335483870967742,0.10797113997114
"1056","N4A",2008,"N4A",2008,0,0
"1057","N4A",2008,"N4D",2008,0.317880794701987,0.109921300921301
"1058","N4A",2009,"N4A",2009,0,0
"1059","N4A",2009,"N4D",2009,0.32258064516129,0.0998417138417138
"1060","N4A",2010,"N4A",2010,0,0
"1061","N4A",2010,"N4D",2010,0.300613496932515,0.115892995892996
"1062","N4A",2011,"N4A",2011,0,0
"1063","N4A",2011,"N4D",2011,0.335664335664336,0.0851284271284271
"1064","N4A",2012,"N4A",2012,0,0
"1065","N4A",2012,"N4D",2012,0.274809160305344,0.0686129426129426
"1066","N4A",2013,"N4A",2013,0,0
"1067","N4A",2013,"N4D",2013,0.302631578947368,0.110043956043956
"1068","N4A",2014,"N4A",2014,0,0
"1069","N4A",2014,"N4D",2014,0.324503311258278,0.116369963369963
"1070","N4A",2015,"N4A",2015,0,0
"1071","N4A",2015,"N4D",2015,0.329545454545455,0.119652014652015
"1072","N4A",2016,"N4A",2016,0,0
"1073","N4A",2016,"N4D",2016,0.367567567567568,0.124814518814519
"1074","N4A",2017,"N4A",2017,0,0
"1075","N4A",2017,"N4D",2017,0.380208333333333,0.141878121878122
"1076","N4A",2018,"N4A",2018,0,0
"1077","N4A",2018,"N4D",2018,0.355329949238579,0.152351648351648
"1078","N4A",2019,"N4A",2019,0,0
"1079","N4A",2019,"N4D",2019,0.326530612244898,0.126919413919414
"1080","N4A",2020,"N4A",2020,0,0
"1081","N4A",2020,"N4D",2020,0.334975369458128,0.155225885225885
"1082","N4A",2021,"N4A",2021,0,0
"1083","N4A",2021,"N4D",2021,0.341584158415842,0.143172161172161
"1084","N4A",2022,"N4A",2022,0,0
"1085","N4A",2022,"N4D",2022,0.333333333333333,0.141369963369963
"1086","N4D",1992,"N4D",1992,0,0
"1087","N4D",1993,"N4D",1993,0,0
"1088","N4D",1994,"N4D",1994,0,0
"1089","N4D",1995,"N4D",1995,0,0
"1090","N4D",1996,"N4D",1996,0,0
"1091","N4D",1997,"N4D",1997,0,0
"1092","N4D",1998,"N4D",1998,0,0
"1093","N4D",1999,"N4D",1999,0,0
"1094","N4D",2000,"N4D",2000,0,0
"1095","N4D",2001,"N4D",2001,0,0
"1096","N4D",2002,"N4D",2002,0,0
"1097","N4D",2003,"N4D",2003,0,0
"1098","N4D",2004,"N4D",2004,0,0
"1099","N4D",2005,"N4D",2005,0,0
"1100","N4D",2006,"N4D",2006,0,0
"1101","N4D",2007,"N4D",2007,0,0
"1102","N4D",2008,"N4D",2008,0,0
"1103","N4D",2009,"N4D",2009,0,0
"1104","N4D",2010,"N4D",2010,0,0
"1105","N4D",2011,"N4D",2011,0,0
"1106","N4D",2012,"N4D",2012,0,0
"1107","N4D",2013,"N4D",2013,0,0
"1108","N4D",2014,"N4D",2014,0,0
"1109","N4D",2015,"N4D",2015,0,0
"1110","N4D",2016,"N4D",2016,0,0
"1111","N4D",2017,"N4D",2017,0,0
"1112","N4D",2018,"N4D",2018,0,0
"1113","N4D",2019,"N4D",2019,0,0
"1114","N4D",2020,"N4D",2020,0,0
"1115","N4D",2021,"N4D",2021,0,0
"1116","N4D",2022,"N4D",2022,0,0
