AOU_code,Watershed_name,Species,numyears,numpresent,percyears,1992,1993,1994,1995,1996,1997,1998,1999,2000,2001,2002,2003,2004,2005,2006,2007,2008,2009,chiPval,chi_fearly,chi_flate,runsPval,numtransitions,trend,category3.0_test
AMGO,N4D,AMGO,18,11,0.6111111111111112,1,0,0,1,0,1,1,1,0,1,0,1,1,1,0,1,0,1,1,0.5555555555555556,0.6666666666666666,0.9613346899230477,12,0,Random
AMRO,N4D,AMRO,18,4,0.2222222222222222,0,1,1,0,0,0,0,0,0,0,0,0,0,0,0,1,0,1,1,0.2222222222222222,0.2222222222222222,0.18833605346048377,5,0,Random
ATSP,N4D,ATSP,18,10,0.5555555555555556,1,1,0,0,0,0,0,1,0,0,1,1,0,1,1,1,1,1,0.15472892348537878,0.3333333333333333,0.7777777777777778,0.07745418017215297,6,0,Random
BAOR,N4D,BAOR,18,1,0.05555555555555555,1,0,0,0,0,0,0,0,0,0,0,0,0,0,0,0,0,0,1,0.1111111111111111,0,0.002338867490523632,1,0,Random
BEVI,N4D,BEVI,18,18,1,1,1,1,1,1,1,1,1,1,1,1,1,1,1,1,1,1,1,NA,NA,NA,NA,0,NA,No_change-present
BHCO,N4D,BHCO,18,18,1,1,1,1,1,1,1,1,1,1,1,1,1,1,1,1,1,1,1,NA,NA,NA,NA,0,NA,No_change-present
BLGR,N4D,BLGR,18,2,0.1111111111111111,0,0,1,0,0,0,0,0,0,0,0,0,0,0,0,0,0,1,1,0.1111111111111111,0.1111111111111111,0.2236576445221517,3,0,Random
BRTH,N4D,BRTH,18,18,1,1,1,1,1,1,1,1,1,1,1,1,1,1,1,1,1,1,1,NA,NA,NA,NA,0,NA,No_change-present
COYE,N4D,COYE,18,15,0.8333333333333334,1,1,1,1,1,1,1,1,1,0,1,1,1,0,1,0,1,1,0.20590321073206838,1,0.6666666666666666,0.8217238311163698,6,0,Random
DICK,N4D,DICK,18,18,1,1,1,1,1,1,1,1,1,1,1,1,1,1,1,1,1,1,1,NA,NA,NA,NA,0,NA,No_change-present
DOWO,N4D,DOWO,18,3,0.16666666666666666,0,0,0,0,0,0,0,0,0,0,0,1,0,0,1,1,0,0,0.20590321073206838,0,0.3333333333333333,0.1782761688836302,4,0,Random
EAKI,N4D,EAKI,18,5,0.2777777777777778,1,1,0,1,1,0,1,0,0,0,0,0,0,0,0,0,0,0,0.03529659684140806,0.5555555555555556,0,0.2537995516853632,5,-1,Decreasing
EAME,N4D,EAME,18,15,0.8333333333333334,1,1,1,1,1,1,1,1,1,0,1,1,1,0,0,1,1,1,0.20590321073206838,1,0.6666666666666666,0.1782761688836302,4,0,Random
FISP,N4D,FISP,18,18,1,1,1,1,1,1,1,1,1,1,1,1,1,1,1,1,1,1,1,NA,NA,NA,NA,0,NA,No_change-present
GCFL,N4D,GCFL,18,7,0.3888888888888889,0,0,1,0,0,1,0,0,1,1,0,0,0,0,1,0,1,1,1,0.3333333333333333,0.4444444444444444,0.5901462310851059,9,0,Random
GHOW,N4D,GHOW,18,3,0.16666666666666666,1,0,0,0,1,0,0,0,0,0,0,0,1,0,0,0,0,0,1,0.2222222222222222,0.1111111111111111,0.5,5,0,Random
GRCA,N4D,GRCA,18,17,0.9444444444444444,1,1,1,1,1,1,0,1,1,1,1,1,1,1,1,1,1,1,1,0.8888888888888888,1,0.6381631950841186,2,0,Random
GRSP,N4D,GRSP,18,17,0.9444444444444444,1,1,1,1,1,1,1,1,1,0,1,1,1,1,1,1,1,1,1,1,0.8888888888888888,0.6381631950841186,2,0,Random
HESP,N4D,HESP,18,1,0.05555555555555555,0,1,0,0,0,0,0,0,0,0,0,0,0,0,0,0,0,0,1,0.1111111111111111,0,0.6381631950841186,2,0,Random
HOWR,N4D,HOWR,18,5,0.2777777777777778,1,0,0,0,1,0,0,1,0,1,0,0,1,0,0,0,0,0,1,0.3333333333333333,0.2222222222222222,0.8628990043839045,9,0,Random
MODO,N4D,MODO,18,12,0.6666666666666666,1,1,1,1,0,1,0,0,1,1,1,1,0,0,1,1,0,1,1,0.6666666666666666,0.6666666666666666,0.5,8,0,Random
NOBO,N4D,NOBO,18,17,0.9444444444444444,1,1,1,1,1,1,1,0,1,1,1,1,1,1,1,1,1,1,1,0.8888888888888888,1,0.6381631950841186,2,0,Random
NOCA,N4D,NOCA,18,9,0.5,1,0,1,0,0,0,1,0,1,0,0,1,1,1,1,0,0,1,1,0.4444444444444444,0.5555555555555556,0.6864854532768314,10,0,Random
NOHA,N4D,NOHA,18,0,0,0,0,0,0,0,0,0,0,0,0,0,0,0,0,0,0,0,0,NA,NA,NA,NA,0,NA,No_change-absent
OROR,N4D,OROR,18,3,0.16666666666666666,1,1,0,0,0,0,0,0,0,0,0,0,0,0,1,0,0,0,1,0.2222222222222222,0.1111111111111111,0.03259820953906502,3,0,Recurrent
RNEP,N4D,RNEP,18,4,0.2222222222222222,0,0,0,1,0,0,0,1,1,0,0,1,0,0,0,0,0,0,0.5707503880581739,0.3333333333333333,0.1111111111111111,0.4361509065077108,6,0,Random
RWBL,N4D,RWBL,18,0,0,0,0,0,0,0,0,0,0,0,0,0,0,0,0,0,0,0,0,NA,NA,NA,NA,0,NA,No_change-absent
UPSA,N4D,UPSA,18,16,0.8888888888888888,0,1,1,1,0,1,1,1,1,1,1,1,1,1,1,1,1,1,0.4532547047537364,0.7777777777777778,1,0.2236576445221517,3,0,Random
YBCU,N4D,YBCU,18,7,0.3888888888888889,0,0,0,0,0,0,0,0,1,1,0,1,0,1,1,0,1,1,0.053116187722430326,0.1111111111111111,0.6666666666666666,0.21251532639246387,7,0,Random
AMCR,N4D,AMCR,18,6,0.3333333333333333,0,1,1,0,1,0,1,1,0,0,0,1,0,0,0,0,0,0,0.13361440253771517,0.5555555555555556,0.1111111111111111,0.5,8,0,Random
BCCH,N4D,BCCH,18,10,0.5555555555555556,0,1,0,0,1,0,1,1,0,0,0,1,1,0,1,1,1,1,0.6352562959972483,0.4444444444444444,0.6666666666666666,0.5218144247155584,9,0,Random
CONI,N4D,CONI,18,5,0.2777777777777778,0,1,0,1,1,0,0,0,0,0,0,0,0,1,1,0,0,0,1,0.3333333333333333,0.2222222222222222,0.22610434285683928,6,0,Random
EABL,N4D,EABL,18,6,0.3333333333333333,0,1,1,0,0,0,0,0,0,0,0,0,0,0,1,1,1,1,0.6170750774519738,0.2222222222222222,0.4444444444444444,0.00293581044679882,3,0,Recurrent
NOFL,N4D,NOFL,18,3,0.16666666666666666,0,0,1,0,0,0,1,1,0,0,0,0,0,0,0,0,0,0,0.20590321073206838,0.3333333333333333,0,0.1782761688836302,4,0,Random
RBWO,N4D,RBWO,18,0,0,0,0,0,0,0,0,0,0,0,0,0,0,0,0,0,0,0,0,NA,NA,NA,NA,0,NA,No_change-absent
RHWO,N4D,RHWO,18,0,0,0,0,0,0,0,0,0,0,0,0,0,0,0,0,0,0,0,0,NA,NA,NA,NA,0,NA,No_change-absent
SOSP,N4D,SOSP,18,1,0.05555555555555555,0,0,0,0,0,0,0,1,0,0,0,0,0,0,0,0,0,0,1,0.1111111111111111,0,0.6381631950841186,2,0,Random
RLHA,N4D,RLHA,18,0,0,0,0,0,0,0,0,0,0,0,0,0,0,0,0,0,0,0,0,NA,NA,NA,NA,0,NA,No_change-absent
RTHA,N4D,RTHA,18,0,0,0,0,0,0,0,0,0,0,0,0,0,0,0,0,0,0,0,0,NA,NA,NA,NA,0,NA,No_change-absent
SEOW,N4D,SEOW,18,0,0,0,0,0,0,0,0,0,0,0,0,0,0,0,0,0,0,0,0,NA,NA,NA,NA,0,NA,No_change-absent
SEWR,N4D,SEWR,18,0,0,0,0,0,0,0,0,0,0,0,0,0,0,0,0,0,0,0,0,NA,NA,NA,NA,0,NA,No_change-absent
YEWA,N4D,YEWA,18,2,0.1111111111111111,0,0,0,0,0,0,0,0,0,0,1,0,0,0,0,0,0,1,0.4532547047537364,0,0.2222222222222222,0.2236576445221517,3,0,Random
PISI,N4D,PISI,18,1,0.05555555555555555,0,0,0,1,0,0,0,0,0,0,0,0,0,0,0,0,0,0,1,0.1111111111111111,0,0.6381631950841186,2,0,Random
COHA,N4D,COHA,18,0,0,0,0,0,0,0,0,0,0,0,0,0,0,0,0,0,0,0,0,NA,NA,NA,NA,0,NA,No_change-absent
NSHR,N4D,NSHR,18,0,0,0,0,0,0,0,0,0,0,0,0,0,0,0,0,0,0,0,0,NA,NA,NA,NA,0,NA,No_change-absent
BLJA,N4D,BLJA,18,0,0,0,0,0,0,0,0,0,0,0,0,0,0,0,0,0,0,0,0,NA,NA,NA,NA,0,NA,No_change-absent
COPO,N4D,COPO,18,1,0.05555555555555555,0,0,0,0,0,0,0,0,0,0,0,0,0,0,1,0,0,0,1,0,0.1111111111111111,0.6381631950841186,2,0,Random
BARS,N4D,BARS,18,0,0,0,0,0,0,0,0,0,0,0,0,0,0,0,0,0,0,0,0,NA,NA,NA,NA,0,NA,No_change-absent
CHSW,N4D,CHSW,18,0,0,0,0,0,0,0,0,0,0,0,0,0,0,0,0,0,0,0,0,NA,NA,NA,NA,0,NA,No_change-absent
GOEA,N4D,GOEA,18,1,0.05555555555555555,0,0,0,0,0,0,1,0,0,0,0,0,0,0,0,0,0,0,1,0.1111111111111111,0,0.6381631950841186,2,0,Random
GRPC,N4D,GRPC,18,0,0,0,0,0,0,0,0,0,0,0,0,0,0,0,0,0,0,0,0,NA,NA,NA,NA,0,NA,No_change-absent
INBU,N4D,INBU,18,5,0.2777777777777778,0,0,0,0,0,0,0,0,0,1,0,0,0,1,0,1,1,1,0.03529659684140806,0,0.5555555555555556,0.2537995516853632,5,1,Increasing
LASP,N4D,LASP,18,5,0.2777777777777778,0,0,0,0,0,0,1,0,0,0,0,0,0,1,1,1,0,1,0.2925841402738329,0.1111111111111111,0.4444444444444444,0.08584459620086143,5,0,Random
SUTA,N4D,SUTA,18,1,0.05555555555555555,0,0,0,0,0,0,0,0,0,0,0,1,0,0,0,0,0,0,1,0,0.1111111111111111,0.6381631950841186,2,0,Random
WEKI,N4D,WEKI,18,0,0,0,0,0,0,0,0,0,0,0,0,0,0,0,0,0,0,0,0,NA,NA,NA,NA,0,NA,No_change-absent
BEWR,N4D,BEWR,18,1,0.05555555555555555,0,0,0,0,0,0,0,0,0,0,0,0,0,0,0,0,1,0,1,0,0.1111111111111111,0.6381631950841186,2,0,Random
KILL,N4D,KILL,18,0,0,0,0,0,0,0,0,0,0,0,0,0,0,0,0,0,0,0,0,NA,NA,NA,NA,0,NA,No_change-absent
LOSH,N4D,LOSH,18,0,0,0,0,0,0,0,0,0,0,0,0,0,0,0,0,0,0,0,0,NA,NA,NA,NA,0,NA,No_change-absent
TUTI,N4D,TUTI,18,0,0,0,0,0,0,0,0,0,0,0,0,0,0,0,0,0,0,0,0,NA,NA,NA,NA,0,NA,No_change-absent
BGGN,N4D,BGGN,18,7,0.3888888888888889,0,0,0,0,0,0,0,0,0,0,0,1,1,1,1,1,1,1,0.0037201819306482897,0,0.7777777777777778,0.2537995516853632,1,1,Increasing
EATO,N4D,EATO,18,8,0.4444444444444444,0,0,0,0,0,0,0,0,0,1,0,1,1,1,1,1,1,1,8.989127881140903e-4,0,0.8888888888888888,0.2537995516853632,3,1,Increasing
KEWA,N4D,KEWA,18,1,0.05555555555555555,0,0,0,0,0,0,0,0,0,1,0,0,0,0,0,0,0,0,1,0,0.1111111111111111,0.6381631950841186,2,0,Random
CARW,N4D,CARW,18,0,0,0,0,0,0,0,0,0,0,0,0,0,0,0,0,0,0,0,0,NA,NA,NA,NA,0,NA,No_change-absent
COGR,N4D,COGR,18,0,0,0,0,0,0,0,0,0,0,0,0,0,0,0,0,0,0,0,0,NA,NA,NA,NA,0,NA,No_change-absent
EAWP,N4D,EAWP,18,1,0.05555555555555555,0,0,0,0,0,0,0,0,0,0,0,0,0,0,0,0,0,1,1,0,0.1111111111111111,0.002338867490523632,1,0,Random
HAWO,N4D,HAWO,18,0,0,0,0,0,0,0,0,0,0,0,0,0,0,0,0,0,0,0,0,NA,NA,NA,NA,0,NA,No_change-absent
WITU,N4D,WITU,18,2,0.1111111111111111,0,0,0,0,0,0,0,0,0,0,1,0,0,0,1,0,0,0,0.4532547047537364,0,0.2222222222222222,0.7283793213393187,4,0,Random
ACFL,N4D,ACFL,18,0,0,0,0,0,0,0,0,0,0,0,0,0,0,0,0,0,0,0,0,NA,NA,NA,NA,0,NA,No_change-absent
EAPH,N4D,EAPH,18,1,0.05555555555555555,0,0,0,0,0,0,0,0,0,0,0,0,0,0,0,1,0,0,1,0,0.1111111111111111,0.6381631950841186,2,0,Random
HOLA,N4D,HOLA,18,1,0.05555555555555555,0,0,0,0,0,0,0,0,0,0,0,0,0,0,0,1,0,0,1,0,0.1111111111111111,0.6381631950841186,2,0,Random
CLSW,N4D,CLSW,18,0,0,0,0,0,0,0,0,0,0,0,0,0,0,0,0,0,0,0,0,NA,NA,NA,NA,0,NA,No_change-absent
EUST,N4D,EUST,18,0,0,0,0,0,0,0,0,0,0,0,0,0,0,0,0,0,0,0,0,NA,NA,NA,NA,0,NA,No_change-absent
WAVI,N4D,WAVI,18,0,0,0,0,0,0,0,0,0,0,0,0,0,0,0,0,0,0,0,0,NA,NA,NA,NA,0,NA,No_change-absent
DEJU,N4D,DEJU,18,0,0,0,0,0,0,0,0,0,0,0,0,0,0,0,0,0,0,0,0,NA,NA,NA,NA,0,NA,No_change-absent
LALO,N4D,LALO,18,0,0,0,0,0,0,0,0,0,0,0,0,0,0,0,0,0,0,0,0,NA,NA,NA,NA,0,NA,No_change-absent
NRWS,N4D,NRWS,18,0,0,0,0,0,0,0,0,0,0,0,0,0,0,0,0,0,0,0,0,NA,NA,NA,NA,0,NA,No_change-absent
SPTO,N4D,SPTO,18,1,0.05555555555555555,0,0,0,0,0,0,0,0,0,0,0,0,0,0,1,0,0,0,1,0,0.1111111111111111,0.6381631950841186,2,0,Random
STFL,N4D,STFL,18,0,0,0,0,0,0,0,0,0,0,0,0,0,0,0,0,0,0,0,0,NA,NA,NA,NA,0,NA,No_change-absent
TUVU,N4D,TUVU,18,0,0,0,0,0,0,0,0,0,0,0,0,0,0,0,0,0,0,0,0,NA,NA,NA,NA,0,NA,No_change-absent
CAGO,N4D,CAGO,18,1,0.05555555555555555,0,0,0,0,0,0,0,0,0,0,0,0,0,0,0,0,0,1,1,0,0.1111111111111111,0.002338867490523632,1,0,Random
GTGR,N4D,GTGR,18,0,0,0,0,0,0,0,0,0,0,0,0,0,0,0,0,0,0,0,0,NA,NA,NA,NA,0,NA,No_change-absent
AMGO,20B,AMGO,18,15,0.8333333333333334,0,0,1,1,1,1,1,1,1,1,1,0,1,1,1,1,1,1,1,0.7777777777777778,0.8888888888888888,0.03259820953906502,3,0,Recurrent
AMRO,20B,AMRO,18,5,0.2777777777777778,1,1,0,0,1,0,0,0,0,0,0,0,0,0,1,1,0,0,1,0.3333333333333333,0.2222222222222222,0.08584459620086143,5,0,Random
ATSP,20B,ATSP,18,6,0.3333333333333333,1,0,0,0,0,0,0,1,0,0,0,1,0,1,0,1,1,0,0.6170750774519738,0.2222222222222222,0.4444444444444444,0.7091739648223484,9,0,Random
BAOR,20B,BAOR,18,11,0.6111111111111112,1,0,1,0,1,1,0,0,0,1,1,0,1,1,0,1,1,1,0.33355025411190464,0.4444444444444444,0.7777777777777778,0.7705755855972882,10,0,Random
BEVI,20B,BEVI,18,17,0.9444444444444444,1,0,1,1,1,1,1,1,1,1,1,1,1,1,1,1,1,1,1,0.8888888888888888,1,0.6381631950841186,2,0,Random
BHCO,20B,BHCO,18,18,1,1,1,1,1,1,1,1,1,1,1,1,1,1,1,1,1,1,1,NA,NA,NA,NA,0,NA,No_change-present
BLGR,20B,BLGR,18,2,0.1111111111111111,0,0,0,0,0,0,0,0,0,0,0,0,0,0,0,0,1,1,0.4532547047537364,0,0.2222222222222222,2.3655809370579022e-4,1,0,Random
BRTH,20B,BRTH,18,17,0.9444444444444444,1,0,1,1,1,1,1,1,1,1,1,1,1,1,1,1,1,1,1,0.8888888888888888,1,0.6381631950841186,2,0,Random
COYE,20B,COYE,18,17,0.9444444444444444,1,1,1,1,1,1,1,1,1,1,0,1,1,1,1,1,1,1,1,1,0.8888888888888888,0.6381631950841186,2,0,Random
DICK,20B,DICK,18,18,1,1,1,1,1,1,1,1,1,1,1,1,1,1,1,1,1,1,1,NA,NA,NA,NA,0,NA,No_change-present
DOWO,20B,DOWO,18,2,0.1111111111111111,0,0,0,0,0,0,0,0,0,0,0,0,1,0,0,0,1,0,0.4532547047537364,0,0.2222222222222222,0.7283793213393187,4,0,Random
EAKI,20B,EAKI,18,5,0.2777777777777778,1,0,0,1,1,0,0,0,0,0,0,0,0,0,1,0,0,1,1,0.3333333333333333,0.2222222222222222,0.22610434285683928,6,0,Random
EAME,20B,EAME,18,18,1,1,1,1,1,1,1,1,1,1,1,1,1,1,1,1,1,1,1,NA,NA,NA,NA,0,NA,No_change-present
FISP,20B,FISP,18,14,0.7777777777777778,0,0,1,1,1,1,1,1,0,1,1,1,1,1,1,1,0,1,0.5707503880581739,0.6666666666666666,0.8888888888888888,0.18833605346048377,5,0,Random
GCFL,20B,GCFL,18,0,0,0,0,0,0,0,0,0,0,0,0,0,0,0,0,0,0,0,0,NA,NA,NA,NA,0,NA,No_change-absent
GHOW,20B,GHOW,18,0,0,0,0,0,0,0,0,0,0,0,0,0,0,0,0,0,0,0,0,NA,NA,NA,NA,0,NA,No_change-absent
GRCA,20B,GRCA,18,15,0.8333333333333334,0,0,1,0,1,1,1,1,1,1,1,1,1,1,1,1,1,1,0.20590321073206838,0.6666666666666666,1,0.03259820953906502,3,0,Recurrent
GRSP,20B,GRSP,18,10,0.5555555555555556,1,1,0,0,1,1,1,0,1,0,0,1,1,0,1,0,1,0,0.6352562959972483,0.6666666666666666,0.4444444444444444,0.8507024112184478,11,0,Random
HESP,20B,HESP,18,2,0.1111111111111111,0,0,1,1,0,0,0,0,0,0,0,0,0,0,0,0,0,0,0.4532547047537364,0.2222222222222222,0,0.016680333026347412,2,0,Random
HOWR,20B,HOWR,18,7,0.3888888888888889,0,0,1,0,0,0,0,1,1,0,1,0,1,0,0,0,1,1,1,0.3333333333333333,0.4444444444444444,0.5901462310851059,9,0,Random
MODO,20B,MODO,18,14,0.7777777777777778,1,1,1,1,0,0,1,1,1,0,1,1,0,1,1,1,1,1,1,0.7777777777777778,0.7777777777777778,0.4361509065077108,6,0,Random
NOBO,20B,NOBO,18,9,0.5,1,1,0,1,1,0,1,0,0,0,1,1,1,1,0,0,0,0,1,0.5555555555555556,0.4444444444444444,0.1655687296344852,7,0,Random
NOCA,20B,NOCA,18,3,0.16666666666666666,0,0,0,0,0,0,0,0,0,0,0,0,1,1,0,1,0,0,0.20590321073206838,0,0.3333333333333333,0.1782761688836302,4,0,Random
NOHA,20B,NOHA,18,2,0.1111111111111111,0,0,0,0,1,0,0,0,0,0,0,0,0,0,0,0,1,0,1,0.1111111111111111,0.1111111111111111,0.7283793213393187,4,0,Random
OROR,20B,OROR,18,5,0.2777777777777778,1,1,0,0,0,0,0,0,0,0,0,0,0,1,0,1,0,1,1,0.2222222222222222,0.3333333333333333,0.22610434285683928,6,0,Random
RNEP,20B,RNEP,18,3,0.16666666666666666,1,0,0,0,1,0,0,0,1,0,0,0,0,0,0,0,0,0,0.20590321073206838,0.3333333333333333,0,0.5,5,0,Random
RWBL,20B,RWBL,18,5,0.2777777777777778,0,1,1,0,0,1,0,1,0,0,1,0,0,0,0,0,0,0,0.2925841402738329,0.4444444444444444,0.1111111111111111,0.6838096445413662,8,0,Random
UPSA,20B,UPSA,18,3,0.16666666666666666,0,0,0,0,0,0,1,1,1,0,0,0,0,0,0,0,0,0,0.20590321073206838,0.3333333333333333,0,0.002838616069079652,2,0,Random
YBCU,20B,YBCU,18,3,0.16666666666666666,0,0,0,0,0,0,0,0,0,0,1,0,1,0,0,0,0,1,0.20590321073206838,0,0.3333333333333333,0.5,5,0,Random
AMCR,20B,AMCR,18,2,0.1111111111111111,0,0,0,0,1,0,0,0,1,0,0,0,0,0,0,0,0,0,0.4532547047537364,0.2222222222222222,0,0.7283793213393187,4,0,Random
BCCH,20B,BCCH,18,2,0.1111111111111111,0,0,0,0,0,0,0,0,0,0,0,0,1,1,0,0,0,0,0.4532547047537364,0,0.2222222222222222,0.016680333026347412,2,0,Random
CONI,20B,CONI,18,1,0.05555555555555555,0,0,0,0,0,0,1,0,0,0,0,0,0,0,0,0,0,0,1,0.1111111111111111,0,0.6381631950841186,2,0,Random
EABL,20B,EABL,18,2,0.1111111111111111,0,0,0,0,0,0,0,0,0,0,0,0,0,0,1,0,0,1,0.4532547047537364,0,0.2222222222222222,0.2236576445221517,3,0,Random
NOFL,20B,NOFL,18,1,0.05555555555555555,0,0,0,0,0,0,0,0,0,0,0,0,0,0,0,1,0,0,1,0,0.1111111111111111,0.6381631950841186,2,0,Random
RBWO,20B,RBWO,18,0,0,0,0,0,0,0,0,0,0,0,0,0,0,0,0,0,0,0,0,NA,NA,NA,NA,0,NA,No_change-absent
RHWO,20B,RHWO,18,0,0,0,0,0,0,0,0,0,0,0,0,0,0,0,0,0,0,0,0,NA,NA,NA,NA,0,NA,No_change-absent
SOSP,20B,SOSP,18,1,0.05555555555555555,0,1,0,0,0,0,0,0,0,0,0,0,0,0,0,0,0,0,1,0.1111111111111111,0,0.6381631950841186,2,0,Random
RLHA,20B,RLHA,18,1,0.05555555555555555,0,0,1,0,0,0,0,0,0,0,0,0,0,0,0,0,0,0,1,0.1111111111111111,0,0.6381631950841186,2,0,Random
RTHA,20B,RTHA,18,2,0.1111111111111111,0,0,0,1,0,0,0,0,0,0,0,0,0,0,0,1,0,0,1,0.1111111111111111,0.1111111111111111,0.7283793213393187,4,0,Random
SEOW,20B,SEOW,18,0,0,0,0,0,0,0,0,0,0,0,0,0,0,0,0,0,0,0,0,NA,NA,NA,NA,0,NA,No_change-absent
SEWR,20B,SEWR,18,0,0,0,0,0,0,0,0,0,0,0,0,0,0,0,0,0,0,0,0,NA,NA,NA,NA,0,NA,No_change-absent
YEWA,20B,YEWA,18,6,0.3333333333333333,0,0,1,0,0,1,0,0,0,0,1,0,0,0,1,0,1,1,0.6170750774519738,0.2222222222222222,0.4444444444444444,0.7091739648223484,9,0,Random
PISI,20B,PISI,18,0,0,0,0,0,0,0,0,0,0,0,0,0,0,0,0,0,0,0,0,NA,NA,NA,NA,0,NA,No_change-absent
COHA,20B,COHA,18,0,0,0,0,0,0,0,0,0,0,0,0,0,0,0,0,0,0,0,0,NA,NA,NA,NA,0,NA,No_change-absent
NSHR,20B,NSHR,18,0,0,0,0,0,0,0,0,0,0,0,0,0,0,0,0,0,0,0,0,NA,NA,NA,NA,0,NA,No_change-absent
BLJA,20B,BLJA,18,0,0,0,0,0,0,0,0,0,0,0,0,0,0,0,0,0,0,0,0,NA,NA,NA,NA,0,NA,No_change-absent
COPO,20B,COPO,18,0,0,0,0,0,0,0,0,0,0,0,0,0,0,0,0,0,0,0,0,NA,NA,NA,NA,0,NA,No_change-absent
BARS,20B,BARS,18,0,0,0,0,0,0,0,0,0,0,0,0,0,0,0,0,0,0,0,0,NA,NA,NA,NA,0,NA,No_change-absent
CHSW,20B,CHSW,18,0,0,0,0,0,0,0,0,0,0,0,0,0,0,0,0,0,0,0,0,NA,NA,NA,NA,0,NA,No_change-absent
GOEA,20B,GOEA,18,0,0,0,0,0,0,0,0,0,0,0,0,0,0,0,0,0,0,0,0,NA,NA,NA,NA,0,NA,No_change-absent
GRPC,20B,GRPC,18,0,0,0,0,0,0,0,0,0,0,0,0,0,0,0,0,0,0,0,0,NA,NA,NA,NA,0,NA,No_change-absent
INBU,20B,INBU,18,5,0.2777777777777778,0,0,0,0,0,0,0,0,0,0,0,0,1,1,0,1,1,1,0.03529659684140806,0,0.5555555555555556,0.2537995516853632,3,1,Increasing
LASP,20B,LASP,18,1,0.05555555555555555,0,0,0,0,0,0,0,0,0,0,0,0,0,0,1,0,0,0,1,0,0.1111111111111111,0.6381631950841186,2,0,Random
SUTA,20B,SUTA,18,0,0,0,0,0,0,0,0,0,0,0,0,0,0,0,0,0,0,0,0,NA,NA,NA,NA,0,NA,No_change-absent
WEKI,20B,WEKI,18,1,0.05555555555555555,0,0,0,0,0,0,1,0,0,0,0,0,0,0,0,0,0,0,1,0.1111111111111111,0,0.6381631950841186,2,0,Random
BEWR,20B,BEWR,18,0,0,0,0,0,0,0,0,0,0,0,0,0,0,0,0,0,0,0,0,NA,NA,NA,NA,0,NA,No_change-absent
KILL,20B,KILL,18,0,0,0,0,0,0,0,0,0,0,0,0,0,0,0,0,0,0,0,0,NA,NA,NA,NA,0,NA,No_change-absent
LOSH,20B,LOSH,18,1,0.05555555555555555,0,0,0,0,0,0,0,1,0,0,0,0,0,0,0,0,0,0,1,0.1111111111111111,0,0.6381631950841186,2,0,Random
TUTI,20B,TUTI,18,0,0,0,0,0,0,0,0,0,0,0,0,0,0,0,0,0,0,0,0,NA,NA,NA,NA,0,NA,No_change-absent
BGGN,20B,BGGN,18,0,0,0,0,0,0,0,0,0,0,0,0,0,0,0,0,0,0,0,0,NA,NA,NA,NA,0,NA,No_change-absent
EATO,20B,EATO,18,9,0.5,0,0,0,0,0,0,0,0,0,1,1,1,1,1,1,1,1,1,1.6244084518680108e-4,0,1,0.2537995516853632,1,1,Increasing
KEWA,20B,KEWA,18,0,0,0,0,0,0,0,0,0,0,0,0,0,0,0,0,0,0,0,0,NA,NA,NA,NA,0,NA,No_change-absent
CARW,20B,CARW,18,0,0,0,0,0,0,0,0,0,0,0,0,0,0,0,0,0,0,0,0,NA,NA,NA,NA,0,NA,No_change-absent
COGR,20B,COGR,18,2,0.1111111111111111,0,0,0,0,0,0,0,0,0,0,1,0,0,0,0,1,0,0,0.4532547047537364,0,0.2222222222222222,0.7283793213393187,4,0,Random
EAWP,20B,EAWP,18,0,0,0,0,0,0,0,0,0,0,0,0,0,0,0,0,0,0,0,0,NA,NA,NA,NA,0,NA,No_change-absent
HAWO,20B,HAWO,18,1,0.05555555555555555,0,0,0,0,0,0,0,0,0,0,0,0,0,0,0,0,0,1,1,0,0.1111111111111111,0.002338867490523632,1,0,Random
WITU,20B,WITU,18,0,0,0,0,0,0,0,0,0,0,0,0,0,0,0,0,0,0,0,0,NA,NA,NA,NA,0,NA,No_change-absent
ACFL,20B,ACFL,18,1,0.05555555555555555,0,0,0,0,0,0,0,0,0,0,0,1,0,0,0,0,0,0,1,0,0.1111111111111111,0.6381631950841186,2,0,Random
EAPH,20B,EAPH,18,0,0,0,0,0,0,0,0,0,0,0,0,0,0,0,0,0,0,0,0,NA,NA,NA,NA,0,NA,No_change-absent
HOLA,20B,HOLA,18,0,0,0,0,0,0,0,0,0,0,0,0,0,0,0,0,0,0,0,0,NA,NA,NA,NA,0,NA,No_change-absent
CLSW,20B,CLSW,18,1,0.05555555555555555,0,0,0,0,0,0,0,0,0,0,0,0,0,0,0,0,0,1,1,0,0.1111111111111111,0.002338867490523632,1,0,Random
EUST,20B,EUST,18,1,0.05555555555555555,0,0,0,0,0,0,0,0,0,0,0,0,1,0,0,0,0,0,1,0,0.1111111111111111,0.6381631950841186,2,0,Random
WAVI,20B,WAVI,18,1,0.05555555555555555,0,0,0,0,0,0,0,0,0,0,0,0,1,0,0,0,0,0,1,0,0.1111111111111111,0.6381631950841186,2,0,Random
DEJU,20B,DEJU,18,1,0.05555555555555555,0,0,0,0,0,0,0,0,0,0,0,0,0,0,0,1,0,0,1,0,0.1111111111111111,0.6381631950841186,2,0,Random
LALO,20B,LALO,18,0,0,0,0,0,0,0,0,0,0,0,0,0,0,0,0,0,0,0,0,NA,NA,NA,NA,0,NA,No_change-absent
NRWS,20B,NRWS,18,0,0,0,0,0,0,0,0,0,0,0,0,0,0,0,0,0,0,0,0,NA,NA,NA,NA,0,NA,No_change-absent
SPTO,20B,SPTO,18,1,0.05555555555555555,0,0,0,0,0,0,0,0,0,0,0,0,0,0,1,0,0,0,1,0,0.1111111111111111,0.6381631950841186,2,0,Random
STFL,20B,STFL,18,0,0,0,0,0,0,0,0,0,0,0,0,0,0,0,0,0,0,0,0,NA,NA,NA,NA,0,NA,No_change-absent
TUVU,20B,TUVU,18,0,0,0,0,0,0,0,0,0,0,0,0,0,0,0,0,0,0,0,0,NA,NA,NA,NA,0,NA,No_change-absent
CAGO,20B,CAGO,18,0,0,0,0,0,0,0,0,0,0,0,0,0,0,0,0,0,0,0,0,NA,NA,NA,NA,0,NA,No_change-absent
GTGR,20B,GTGR,18,0,0,0,0,0,0,0,0,0,0,0,0,0,0,0,0,0,0,0,0,NA,NA,NA,NA,0,NA,No_change-absent
AMGO,N20B,AMGO,18,14,0.7777777777777778,0,1,0,1,1,0,0,1,1,1,1,1,1,1,1,1,1,1,0.08897301170181332,0.5555555555555556,1,0.18833605346048377,5,0,Random
AMRO,N20B,AMRO,18,4,0.2222222222222222,0,0,0,0,1,0,0,0,0,0,0,0,0,1,1,1,0,0,0.5707503880581739,0.1111111111111111,0.3333333333333333,0.05398837609926968,4,0,Random
ATSP,N20B,ATSP,18,8,0.4444444444444444,0,1,0,0,0,0,0,1,0,0,1,0,1,1,1,1,1,0,0.15472892348537878,0.2222222222222222,0.6666666666666666,0.33081513412468533,8,0,Random
BAOR,N20B,BAOR,18,3,0.16666666666666666,1,0,1,0,0,0,0,0,0,0,0,0,0,1,0,0,0,0,1,0.2222222222222222,0.1111111111111111,0.5,5,0,Random
BEVI,N20B,BEVI,18,18,1,1,1,1,1,1,1,1,1,1,1,1,1,1,1,1,1,1,1,NA,NA,NA,NA,0,NA,No_change-present
BHCO,N20B,BHCO,18,18,1,1,1,1,1,1,1,1,1,1,1,1,1,1,1,1,1,1,1,NA,NA,NA,NA,0,NA,No_change-present
BLGR,N20B,BLGR,18,3,0.16666666666666666,1,0,0,0,1,1,0,0,0,0,0,0,0,0,0,0,0,0,0.20590321073206838,0.3333333333333333,0,0.03259820953906502,3,0,Recurrent
BRTH,N20B,BRTH,18,18,1,1,1,1,1,1,1,1,1,1,1,1,1,1,1,1,1,1,1,NA,NA,NA,NA,0,NA,No_change-present
COYE,N20B,COYE,18,16,0.8888888888888888,1,1,1,1,1,1,1,1,1,0,1,1,1,0,1,1,1,1,0.4532547047537364,1,0.7777777777777778,0.7283793213393187,4,0,Random
DICK,N20B,DICK,18,18,1,1,1,1,1,1,1,1,1,1,1,1,1,1,1,1,1,1,1,NA,NA,NA,NA,0,NA,No_change-present
DOWO,N20B,DOWO,18,3,0.16666666666666666,0,0,0,0,0,0,0,0,0,0,1,0,0,0,1,0,1,0,0.20590321073206838,0,0.3333333333333333,0.8217238311163698,6,0,Random
EAKI,N20B,EAKI,18,6,0.3333333333333333,1,1,1,1,1,1,0,0,0,0,0,0,0,0,0,0,0,0,0.012419330651552294,0.6666666666666666,0,0.2537995516853632,1,-1,Decreasing
EAME,N20B,EAME,18,18,1,1,1,1,1,1,1,1,1,1,1,1,1,1,1,1,1,1,1,NA,NA,NA,NA,0,NA,No_change-present
FISP,N20B,FISP,18,18,1,1,1,1,1,1,1,1,1,1,1,1,1,1,1,1,1,1,1,NA,NA,NA,NA,0,NA,No_change-present
GCFL,N20B,GCFL,18,3,0.16666666666666666,0,0,1,0,0,1,0,0,1,0,0,0,0,0,0,0,0,0,0.20590321073206838,0.3333333333333333,0,0.8217238311163698,6,0,Random
GHOW,N20B,GHOW,18,1,0.05555555555555555,0,1,0,0,0,0,0,0,0,0,0,0,0,0,0,0,0,0,1,0.1111111111111111,0,0.6381631950841186,2,0,Random
GRCA,N20B,GRCA,18,14,0.7777777777777778,1,1,1,0,0,1,1,0,1,1,0,1,1,1,1,1,1,1,0.5707503880581739,0.6666666666666666,0.8888888888888888,0.4361509065077108,6,0,Random
GRSP,N20B,GRSP,18,17,0.9444444444444444,1,1,1,0,1,1,1,1,1,1,1,1,1,1,1,1,1,1,1,0.8888888888888888,1,0.6381631950841186,2,0,Random
HESP,N20B,HESP,18,4,0.2222222222222222,0,0,0,0,0,0,1,1,1,1,0,0,0,0,0,0,0,0,0.5707503880581739,0.3333333333333333,0.1111111111111111,0.0011291640970487059,2,0,Random
HOWR,N20B,HOWR,18,4,0.2222222222222222,0,0,0,0,1,1,0,1,0,0,0,0,0,1,0,0,0,0,0.5707503880581739,0.3333333333333333,0.1111111111111111,0.4361509065077108,6,0,Random
MODO,N20B,MODO,18,12,0.6666666666666666,0,1,1,1,0,0,1,1,1,1,0,1,1,1,0,0,1,1,1,0.6666666666666666,0.6666666666666666,0.2908260351776516,7,0,Random
NOBO,N20B,NOBO,18,17,0.9444444444444444,1,1,1,1,1,1,1,1,1,1,1,1,1,1,1,0,1,1,1,1,0.8888888888888888,0.6381631950841186,2,0,Random
NOCA,N20B,NOCA,18,11,0.6111111111111112,0,0,1,1,1,1,1,1,1,0,0,0,1,1,1,1,0,0,0.33355025411190464,0.7777777777777778,0.4444444444444444,0.009740623289426098,4,0,Recurrent
NOHA,N20B,NOHA,18,3,0.16666666666666666,1,0,1,0,0,0,0,0,0,0,1,0,0,0,0,0,0,0,1,0.2222222222222222,0.1111111111111111,0.5,5,0,Random
OROR,N20B,OROR,18,3,0.16666666666666666,1,0,1,0,0,0,0,0,0,0,0,0,0,0,0,0,0,1,1,0.2222222222222222,0.1111111111111111,0.1782761688836302,4,0,Random
RNEP,N20B,RNEP,18,7,0.3888888888888889,0,1,1,0,0,0,1,1,1,1,0,1,0,0,0,0,0,0,0.3335502541119047,0.5555555555555556,0.2222222222222222,0.09500549032361279,6,0,Random
RWBL,N20B,RWBL,18,2,0.1111111111111111,0,0,0,0,0,0,0,1,0,0,0,0,0,1,0,0,0,0,1,0.1111111111111111,0.1111111111111111,0.7283793213393187,4,0,Random
UPSA,N20B,UPSA,18,15,0.8333333333333334,0,0,1,1,1,1,1,1,1,1,1,1,1,1,1,1,0,1,1,0.7777777777777778,0.8888888888888888,0.03259820953906502,3,0,Recurrent
YBCU,N20B,YBCU,18,9,0.5,0,0,1,0,0,0,0,1,0,0,1,1,1,0,1,1,1,1,0.0593464387919201,0.2222222222222222,0.7777777777777778,0.1655687296344852,7,0,Random
AMCR,N20B,AMCR,18,7,0.3888888888888889,0,1,0,0,0,1,0,1,1,1,1,0,0,1,0,0,0,0,1,0.4444444444444444,0.3333333333333333,0.3878598259222346,8,0,Random
BCCH,N20B,BCCH,18,7,0.3888888888888889,0,0,0,0,0,0,1,0,1,1,0,0,0,1,0,1,1,1,0.3335502541119047,0.2222222222222222,0.5555555555555556,0.21251532639246387,7,0,Random
CONI,N20B,CONI,18,1,0.05555555555555555,0,0,1,0,0,0,0,0,0,0,0,0,0,0,0,0,0,0,1,0.1111111111111111,0,0.6381631950841186,2,0,Random
EABL,N20B,EABL,18,1,0.05555555555555555,0,0,0,0,0,0,0,0,0,0,0,0,0,0,1,0,0,0,1,0,0.1111111111111111,0.6381631950841186,2,0,Random
NOFL,N20B,NOFL,18,6,0.3333333333333333,0,1,0,0,0,0,0,0,0,0,1,1,1,1,0,1,0,0,0.13361440253771517,0.1111111111111111,0.5555555555555556,0.1352425025510212,6,0,Random
RBWO,N20B,RBWO,18,0,0,0,0,0,0,0,0,0,0,0,0,0,0,0,0,0,0,0,0,NA,NA,NA,NA,0,NA,No_change-absent
RHWO,N20B,RHWO,18,0,0,0,0,0,0,0,0,0,0,0,0,0,0,0,0,0,0,0,0,NA,NA,NA,NA,0,NA,No_change-absent
SOSP,N20B,SOSP,18,1,0.05555555555555555,0,0,0,0,0,0,0,0,0,0,0,0,0,0,0,1,0,0,1,0,0.1111111111111111,0.6381631950841186,2,0,Random
RLHA,N20B,RLHA,18,1,0.05555555555555555,0,0,0,0,0,0,0,0,0,0,0,0,1,0,0,0,0,0,1,0,0.1111111111111111,0.6381631950841186,2,0,Random
RTHA,N20B,RTHA,18,2,0.1111111111111111,0,0,0,0,0,0,0,0,0,0,0,0,1,0,0,1,0,0,0.4532547047537364,0,0.2222222222222222,0.7283793213393187,4,0,Random
SEOW,N20B,SEOW,18,0,0,0,0,0,0,0,0,0,0,0,0,0,0,0,0,0,0,0,0,NA,NA,NA,NA,0,NA,No_change-absent
SEWR,N20B,SEWR,18,0,0,0,0,0,0,0,0,0,0,0,0,0,0,0,0,0,0,0,0,NA,NA,NA,NA,0,NA,No_change-absent
YEWA,N20B,YEWA,18,1,0.05555555555555555,0,0,0,0,0,0,0,0,1,0,0,0,0,0,0,0,0,0,1,0.1111111111111111,0,0.6381631950841186,2,0,Random
PISI,N20B,PISI,18,0,0,0,0,0,0,0,0,0,0,0,0,0,0,0,0,0,0,0,0,NA,NA,NA,NA,0,NA,No_change-absent
COHA,N20B,COHA,18,0,0,0,0,0,0,0,0,0,0,0,0,0,0,0,0,0,0,0,0,NA,NA,NA,NA,0,NA,No_change-absent
NSHR,N20B,NSHR,18,1,0.05555555555555555,0,0,0,0,1,0,0,0,0,0,0,0,0,0,0,0,0,0,1,0.1111111111111111,0,0.6381631950841186,2,0,Random
BLJA,N20B,BLJA,18,1,0.05555555555555555,0,0,0,0,0,0,0,0,0,0,1,0,0,0,0,0,0,0,1,0,0.1111111111111111,0.6381631950841186,2,0,Random
COPO,N20B,COPO,18,0,0,0,0,0,0,0,0,0,0,0,0,0,0,0,0,0,0,0,0,NA,NA,NA,NA,0,NA,No_change-absent
BARS,N20B,BARS,18,1,0.05555555555555555,0,0,0,0,0,0,0,1,0,0,0,0,0,0,0,0,0,0,1,0.1111111111111111,0,0.6381631950841186,2,0,Random
CHSW,N20B,CHSW,18,1,0.05555555555555555,0,0,0,0,0,0,1,0,0,0,0,0,0,0,0,0,0,0,1,0.1111111111111111,0,0.6381631950841186,2,0,Random
GOEA,N20B,GOEA,18,0,0,0,0,0,0,0,0,0,0,0,0,0,0,0,0,0,0,0,0,NA,NA,NA,NA,0,NA,No_change-absent
GRPC,N20B,GRPC,18,0,0,0,0,0,0,0,0,0,0,0,0,0,0,0,0,0,0,0,0,NA,NA,NA,NA,0,NA,No_change-absent
INBU,N20B,INBU,18,9,0.5,0,0,0,0,0,0,1,0,0,1,1,1,1,1,0,1,1,1,0.004677734981047268,0.1111111111111111,0.8888888888888888,0.2537995516853632,5,1,Increasing
LASP,N20B,LASP,18,1,0.05555555555555555,0,0,0,0,0,0,0,0,0,0,0,0,0,1,0,0,0,0,1,0,0.1111111111111111,0.6381631950841186,2,0,Random
SUTA,N20B,SUTA,18,1,0.05555555555555555,0,0,0,0,0,0,0,0,0,0,1,0,0,0,0,0,0,0,1,0,0.1111111111111111,0.6381631950841186,2,0,Random
WEKI,N20B,WEKI,18,0,0,0,0,0,0,0,0,0,0,0,0,0,0,0,0,0,0,0,0,NA,NA,NA,NA,0,NA,No_change-absent
BEWR,N20B,BEWR,18,1,0.05555555555555555,0,0,0,0,0,0,0,1,0,0,0,0,0,0,0,0,0,0,1,0.1111111111111111,0,0.6381631950841186,2,0,Random
KILL,N20B,KILL,18,0,0,0,0,0,0,0,0,0,0,0,0,0,0,0,0,0,0,0,0,NA,NA,NA,NA,0,NA,No_change-absent
LOSH,N20B,LOSH,18,0,0,0,0,0,0,0,0,0,0,0,0,0,0,0,0,0,0,0,0,NA,NA,NA,NA,0,NA,No_change-absent
TUTI,N20B,TUTI,18,0,0,0,0,0,0,0,0,0,0,0,0,0,0,0,0,0,0,0,0,NA,NA,NA,NA,0,NA,No_change-absent
BGGN,N20B,BGGN,18,6,0.3333333333333333,0,0,0,0,0,0,0,0,0,1,0,0,1,1,1,1,0,1,0.012419330651552294,0,0.6666666666666666,0.2537995516853632,5,1,Increasing
EATO,N20B,EATO,18,9,0.5,0,0,0,0,0,0,0,0,0,1,1,1,1,1,1,1,1,1,1.6244084518680108e-4,0,1,0.2537995516853632,1,1,Increasing
KEWA,N20B,KEWA,18,0,0,0,0,0,0,0,0,0,0,0,0,0,0,0,0,0,0,0,0,NA,NA,NA,NA,0,NA,No_change-absent
CARW,N20B,CARW,18,1,0.05555555555555555,0,0,0,0,0,0,0,0,0,0,1,0,0,0,0,0,0,0,1,0,0.1111111111111111,0.6381631950841186,2,0,Random
COGR,N20B,COGR,18,0,0,0,0,0,0,0,0,0,0,0,0,0,0,0,0,0,0,0,0,NA,NA,NA,NA,0,NA,No_change-absent
EAWP,N20B,EAWP,18,0,0,0,0,0,0,0,0,0,0,0,0,0,0,0,0,0,0,0,0,NA,NA,NA,NA,0,NA,No_change-absent
HAWO,N20B,HAWO,18,0,0,0,0,0,0,0,0,0,0,0,0,0,0,0,0,0,0,0,0,NA,NA,NA,NA,0,NA,No_change-absent
WITU,N20B,WITU,18,4,0.2222222222222222,0,0,0,0,0,0,0,0,0,0,0,0,0,1,1,1,1,0,0.08897301170181332,0,0.4444444444444444,0.0011291640970487059,2,0,Random
ACFL,N20B,ACFL,18,0,0,0,0,0,0,0,0,0,0,0,0,0,0,0,0,0,0,0,0,NA,NA,NA,NA,0,NA,No_change-absent
EAPH,N20B,EAPH,18,1,0.05555555555555555,0,0,0,0,0,0,0,0,0,0,0,1,0,0,0,0,0,0,1,0,0.1111111111111111,0.6381631950841186,2,0,Random
HOLA,N20B,HOLA,18,1,0.05555555555555555,0,0,0,0,0,0,0,0,0,0,0,0,0,0,0,0,1,0,1,0,0.1111111111111111,0.6381631950841186,2,0,Random
CLSW,N20B,CLSW,18,0,0,0,0,0,0,0,0,0,0,0,0,0,0,0,0,0,0,0,0,NA,NA,NA,NA,0,NA,No_change-absent
EUST,N20B,EUST,18,0,0,0,0,0,0,0,0,0,0,0,0,0,0,0,0,0,0,0,0,NA,NA,NA,NA,0,NA,No_change-absent
WAVI,N20B,WAVI,18,0,0,0,0,0,0,0,0,0,0,0,0,0,0,0,0,0,0,0,0,NA,NA,NA,NA,0,NA,No_change-absent
DEJU,N20B,DEJU,18,0,0,0,0,0,0,0,0,0,0,0,0,0,0,0,0,0,0,0,0,NA,NA,NA,NA,0,NA,No_change-absent
LALO,N20B,LALO,18,1,0.05555555555555555,0,0,0,0,0,0,0,0,0,0,0,0,0,0,1,0,0,0,1,0,0.1111111111111111,0.6381631950841186,2,0,Random
NRWS,N20B,NRWS,18,0,0,0,0,0,0,0,0,0,0,0,0,0,0,0,0,0,0,0,0,NA,NA,NA,NA,0,NA,No_change-absent
SPTO,N20B,SPTO,18,1,0.05555555555555555,0,0,0,0,0,0,0,0,0,0,0,0,0,0,0,1,0,0,1,0,0.1111111111111111,0.6381631950841186,2,0,Random
STFL,N20B,STFL,18,1,0.05555555555555555,0,0,0,0,0,0,0,0,0,0,0,0,0,0,0,0,1,0,1,0,0.1111111111111111,0.6381631950841186,2,0,Random
TUVU,N20B,TUVU,18,1,0.05555555555555555,0,0,0,0,0,0,0,0,0,0,0,0,0,0,0,0,1,0,1,0,0.1111111111111111,0.6381631950841186,2,0,Random
CAGO,N20B,CAGO,18,0,0,0,0,0,0,0,0,0,0,0,0,0,0,0,0,0,0,0,0,NA,NA,NA,NA,0,NA,No_change-absent
GTGR,N20B,GTGR,18,0,0,0,0,0,0,0,0,0,0,0,0,0,0,0,0,0,0,0,0,NA,NA,NA,NA,0,NA,No_change-absent
AMGO,4B,AMGO,18,8,0.4444444444444444,0,1,1,1,0,0,0,0,0,0,0,0,1,1,1,1,0,1,0.6352562959972483,0.3333333333333333,0.5555555555555556,0.027760436458863356,5,0,Recurrent
AMRO,4B,AMRO,18,3,0.16666666666666666,0,0,0,1,0,0,0,0,0,0,0,0,0,0,1,1,0,0,1,0.1111111111111111,0.2222222222222222,0.1782761688836302,4,0,Random
ATSP,4B,ATSP,18,5,0.2777777777777778,0,0,0,0,0,0,0,1,0,0,0,0,1,1,1,1,0,0,0.2925841402738329,0.1111111111111111,0.4444444444444444,0.023747763912350332,4,0,Recurrent
BAOR,4B,BAOR,18,3,0.16666666666666666,0,0,0,0,1,0,1,0,0,0,0,0,0,1,0,0,0,0,1,0.2222222222222222,0.1111111111111111,0.8217238311163698,6,0,Random
BEVI,4B,BEVI,18,16,0.8888888888888888,1,1,1,1,1,1,1,1,0,1,1,0,1,1,1,1,1,1,1,0.8888888888888888,0.8888888888888888,0.7283793213393187,4,0,Random
BHCO,4B,BHCO,18,18,1,1,1,1,1,1,1,1,1,1,1,1,1,1,1,1,1,1,1,NA,NA,NA,NA,0,NA,No_change-present
BLGR,4B,BLGR,18,0,0,0,0,0,0,0,0,0,0,0,0,0,0,0,0,0,0,0,0,NA,NA,NA,NA,0,NA,No_change-absent
BRTH,4B,BRTH,18,16,0.8888888888888888,1,1,1,1,1,0,1,1,1,0,1,1,1,1,1,1,1,1,1,0.8888888888888888,0.8888888888888888,0.7283793213393187,4,0,Random
COYE,4B,COYE,18,15,0.8333333333333334,1,1,1,0,1,1,1,1,1,0,1,1,1,0,1,1,1,1,1,0.8888888888888888,0.7777777777777778,0.8217238311163698,6,0,Random
DICK,4B,DICK,18,18,1,1,1,1,1,1,1,1,1,1,1,1,1,1,1,1,1,1,1,NA,NA,NA,NA,0,NA,No_change-present
DOWO,4B,DOWO,18,2,0.1111111111111111,0,0,0,0,0,0,0,0,0,0,1,0,0,0,1,0,0,0,0.4532547047537364,0,0.2222222222222222,0.7283793213393187,4,0,Random
EAKI,4B,EAKI,18,10,0.5555555555555556,1,1,1,1,1,1,0,0,1,0,0,1,1,0,0,1,0,0,0.15472892348537878,0.7777777777777778,0.3333333333333333,0.1761765250642286,7,0,Random
EAME,4B,EAME,18,18,1,1,1,1,1,1,1,1,1,1,1,1,1,1,1,1,1,1,1,NA,NA,NA,NA,0,NA,No_change-present
FISP,4B,FISP,18,9,0.5,1,1,1,0,1,1,1,1,1,0,0,0,0,0,1,0,0,0,0.004677734981047268,0.8888888888888888,0.1111111111111111,0.2537995516853632,5,-1,Decreasing
GCFL,4B,GCFL,18,2,0.1111111111111111,0,0,0,0,0,1,0,0,0,0,0,0,1,0,0,0,0,0,1,0.1111111111111111,0.1111111111111111,0.7283793213393187,4,0,Random
GHOW,4B,GHOW,18,0,0,0,0,0,0,0,0,0,0,0,0,0,0,0,0,0,0,0,0,NA,NA,NA,NA,0,NA,No_change-absent
GRCA,4B,GRCA,18,12,0.6666666666666666,0,1,0,0,1,1,1,1,0,1,1,0,1,1,1,0,1,1,0.6170750774519739,0.5555555555555556,0.7777777777777778,0.7091739648223484,9,0,Random
GRSP,4B,GRSP,18,13,0.7222222222222222,1,1,1,0,1,1,0,0,0,1,1,0,1,1,1,1,1,1,0.2925841402738329,0.5555555555555556,0.8888888888888888,0.22610434285683928,6,0,Random
HESP,4B,HESP,18,11,0.6111111111111112,1,1,0,1,1,1,0,1,0,1,0,0,1,0,1,1,1,0,1,0.6666666666666666,0.5555555555555556,0.8950001641221953,11,0,Random
HOWR,4B,HOWR,18,5,0.2777777777777778,0,1,1,0,0,0,1,0,1,0,0,1,0,0,0,0,0,0,0.2925841402738329,0.4444444444444444,0.1111111111111111,0.6838096445413662,8,0,Random
MODO,4B,MODO,18,13,0.7222222222222222,0,1,0,0,1,1,0,1,1,0,1,1,1,1,1,1,1,1,0.2925841402738329,0.5555555555555556,0.8888888888888888,0.4456420193801202,7,0,Random
NOBO,4B,NOBO,18,14,0.7777777777777778,1,1,1,1,1,1,0,1,1,1,0,1,1,1,1,1,0,0,0.5707503880581739,0.8888888888888888,0.6666666666666666,0.18833605346048377,5,0,Random
NOCA,4B,NOCA,18,0,0,0,0,0,0,0,0,0,0,0,0,0,0,0,0,0,0,0,0,NA,NA,NA,NA,0,NA,No_change-absent
NOHA,4B,NOHA,18,8,0.4444444444444444,1,0,1,1,0,0,0,1,1,0,1,0,1,0,0,0,1,0,0.6352562959972483,0.5555555555555556,0.3333333333333333,0.8507024112184478,11,0,Random
OROR,4B,OROR,18,1,0.05555555555555555,0,0,1,0,0,0,0,0,0,0,0,0,0,0,0,0,0,0,1,0.1111111111111111,0,0.6381631950841186,2,0,Random
RNEP,4B,RNEP,18,6,0.3333333333333333,0,1,0,0,0,0,1,1,0,0,0,1,1,0,0,1,0,0,1,0.3333333333333333,0.3333333333333333,0.5,8,0,Random
RWBL,4B,RWBL,18,5,0.2777777777777778,0,0,1,0,0,0,0,1,0,0,0,1,0,1,0,0,1,0,1,0.2222222222222222,0.3333333333333333,0.9562277571670506,10,0,Random
UPSA,4B,UPSA,18,12,0.6666666666666666,0,1,1,1,1,1,1,0,1,1,1,1,0,1,0,1,0,0,0.6170750774519739,0.7777777777777778,0.5555555555555556,0.5,8,0,Random
YBCU,4B,YBCU,18,2,0.1111111111111111,1,0,0,0,1,0,0,0,0,0,0,0,0,0,0,0,0,0,0.4532547047537364,0.2222222222222222,0,0.2236576445221517,3,0,Random
AMCR,4B,AMCR,18,4,0.2222222222222222,0,0,0,0,0,0,0,1,1,0,1,0,1,0,0,0,0,0,1,0.2222222222222222,0.2222222222222222,0.4361509065077108,6,0,Random
BCCH,4B,BCCH,18,0,0,0,0,0,0,0,0,0,0,0,0,0,0,0,0,0,0,0,0,NA,NA,NA,NA,0,NA,No_change-absent
CONI,4B,CONI,18,4,0.2222222222222222,0,0,0,0,0,0,0,0,1,0,0,1,0,0,0,1,0,1,0.5707503880581739,0.1111111111111111,0.3333333333333333,0.713137456144415,7,0,Random
EABL,4B,EABL,18,0,0,0,0,0,0,0,0,0,0,0,0,0,0,0,0,0,0,0,0,NA,NA,NA,NA,0,NA,No_change-absent
NOFL,4B,NOFL,18,3,0.16666666666666666,0,1,0,0,0,0,0,0,0,0,1,0,0,1,0,0,0,0,1,0.1111111111111111,0.2222222222222222,0.8217238311163698,6,0,Random
RBWO,4B,RBWO,18,0,0,0,0,0,0,0,0,0,0,0,0,0,0,0,0,0,0,0,0,NA,NA,NA,NA,0,NA,No_change-absent
RHWO,4B,RHWO,18,0,0,0,0,0,0,0,0,0,0,0,0,0,0,0,0,0,0,0,0,NA,NA,NA,NA,0,NA,No_change-absent
SOSP,4B,SOSP,18,1,0.05555555555555555,0,0,0,0,0,0,0,1,0,0,0,0,0,0,0,0,0,0,1,0.1111111111111111,0,0.6381631950841186,2,0,Random
RLHA,4B,RLHA,18,1,0.05555555555555555,0,0,0,0,0,0,0,0,0,0,0,0,1,0,0,0,0,0,1,0,0.1111111111111111,0.6381631950841186,2,0,Random
RTHA,4B,RTHA,18,1,0.05555555555555555,0,0,0,0,0,0,1,0,0,0,0,0,0,0,0,0,0,0,1,0.1111111111111111,0,0.6381631950841186,2,0,Random
SEOW,4B,SEOW,18,0,0,0,0,0,0,0,0,0,0,0,0,0,0,0,0,0,0,0,0,NA,NA,NA,NA,0,NA,No_change-absent
SEWR,4B,SEWR,18,0,0,0,0,0,0,0,0,0,0,0,0,0,0,0,0,0,0,0,0,NA,NA,NA,NA,0,NA,No_change-absent
YEWA,4B,YEWA,18,1,0.05555555555555555,0,0,0,0,0,0,0,0,0,0,0,0,0,0,0,0,0,1,1,0,0.1111111111111111,0.002338867490523632,1,0,Random
PISI,4B,PISI,18,0,0,0,0,0,0,0,0,0,0,0,0,0,0,0,0,0,0,0,0,NA,NA,NA,NA,0,NA,No_change-absent
COHA,4B,COHA,18,1,0.05555555555555555,0,0,0,0,0,0,0,0,0,0,0,0,0,0,0,1,0,0,1,0,0.1111111111111111,0.6381631950841186,2,0,Random
NSHR,4B,NSHR,18,0,0,0,0,0,0,0,0,0,0,0,0,0,0,0,0,0,0,0,0,NA,NA,NA,NA,0,NA,No_change-absent
BLJA,4B,BLJA,18,2,0.1111111111111111,0,0,0,0,0,1,0,1,0,0,0,0,0,0,0,0,0,0,0.4532547047537364,0.2222222222222222,0,0.7283793213393187,4,0,Random
COPO,4B,COPO,18,0,0,0,0,0,0,0,0,0,0,0,0,0,0,0,0,0,0,0,0,NA,NA,NA,NA,0,NA,No_change-absent
BARS,4B,BARS,18,3,0.16666666666666666,0,0,0,0,0,0,0,0,0,0,0,0,1,1,0,0,1,0,0.20590321073206838,0,0.3333333333333333,0.1782761688836302,4,0,Random
CHSW,4B,CHSW,18,0,0,0,0,0,0,0,0,0,0,0,0,0,0,0,0,0,0,0,0,NA,NA,NA,NA,0,NA,No_change-absent
GOEA,4B,GOEA,18,0,0,0,0,0,0,0,0,0,0,0,0,0,0,0,0,0,0,0,0,NA,NA,NA,NA,0,NA,No_change-absent
GRPC,4B,GRPC,18,2,0.1111111111111111,0,0,0,0,0,0,1,0,1,0,0,0,0,0,0,0,0,0,0.4532547047537364,0.2222222222222222,0,0.7283793213393187,4,0,Random
INBU,4B,INBU,18,0,0,0,0,0,0,0,0,0,0,0,0,0,0,0,0,0,0,0,0,NA,NA,NA,NA,0,NA,No_change-absent
LASP,4B,LASP,18,1,0.05555555555555555,0,0,0,0,0,0,0,0,0,0,0,0,0,1,0,0,0,0,1,0,0.1111111111111111,0.6381631950841186,2,0,Random
SUTA,4B,SUTA,18,2,0.1111111111111111,0,0,0,0,0,0,1,0,0,1,0,0,0,0,0,0,0,0,1,0.1111111111111111,0.1111111111111111,0.7283793213393187,4,0,Random
WEKI,4B,WEKI,18,0,0,0,0,0,0,0,0,0,0,0,0,0,0,0,0,0,0,0,0,NA,NA,NA,NA,0,NA,No_change-absent
BEWR,4B,BEWR,18,0,0,0,0,0,0,0,0,0,0,0,0,0,0,0,0,0,0,0,0,NA,NA,NA,NA,0,NA,No_change-absent
KILL,4B,KILL,18,0,0,0,0,0,0,0,0,0,0,0,0,0,0,0,0,0,0,0,0,NA,NA,NA,NA,0,NA,No_change-absent
LOSH,4B,LOSH,18,0,0,0,0,0,0,0,0,0,0,0,0,0,0,0,0,0,0,0,0,NA,NA,NA,NA,0,NA,No_change-absent
TUTI,4B,TUTI,18,1,0.05555555555555555,0,0,0,0,0,0,0,0,0,0,0,0,1,0,0,0,0,0,1,0,0.1111111111111111,0.6381631950841186,2,0,Random
BGGN,4B,BGGN,18,0,0,0,0,0,0,0,0,0,0,0,0,0,0,0,0,0,0,0,0,NA,NA,NA,NA,0,NA,No_change-absent
EATO,4B,EATO,18,4,0.2222222222222222,0,0,0,0,0,0,0,0,0,1,1,0,0,0,0,1,0,1,0.08897301170181332,0,0.4444444444444444,0.18833605346048377,5,0,Random
KEWA,4B,KEWA,18,0,0,0,0,0,0,0,0,0,0,0,0,0,0,0,0,0,0,0,0,NA,NA,NA,NA,0,NA,No_change-absent
CARW,4B,CARW,18,0,0,0,0,0,0,0,0,0,0,0,0,0,0,0,0,0,0,0,0,NA,NA,NA,NA,0,NA,No_change-absent
COGR,4B,COGR,18,1,0.05555555555555555,0,0,0,0,0,0,0,0,0,0,0,0,0,0,0,1,0,0,1,0,0.1111111111111111,0.6381631950841186,2,0,Random
EAWP,4B,EAWP,18,0,0,0,0,0,0,0,0,0,0,0,0,0,0,0,0,0,0,0,0,NA,NA,NA,NA,0,NA,No_change-absent
HAWO,4B,HAWO,18,1,0.05555555555555555,0,0,0,0,0,0,0,0,0,0,0,0,0,1,0,0,0,0,1,0,0.1111111111111111,0.6381631950841186,2,0,Random
WITU,4B,WITU,18,0,0,0,0,0,0,0,0,0,0,0,0,0,0,0,0,0,0,0,0,NA,NA,NA,NA,0,NA,No_change-absent
ACFL,4B,ACFL,18,0,0,0,0,0,0,0,0,0,0,0,0,0,0,0,0,0,0,0,0,NA,NA,NA,NA,0,NA,No_change-absent
EAPH,4B,EAPH,18,0,0,0,0,0,0,0,0,0,0,0,0,0,0,0,0,0,0,0,0,NA,NA,NA,NA,0,NA,No_change-absent
HOLA,4B,HOLA,18,0,0,0,0,0,0,0,0,0,0,0,0,0,0,0,0,0,0,0,0,NA,NA,NA,NA,0,NA,No_change-absent
CLSW,4B,CLSW,18,0,0,0,0,0,0,0,0,0,0,0,0,0,0,0,0,0,0,0,0,NA,NA,NA,NA,0,NA,No_change-absent
EUST,4B,EUST,18,0,0,0,0,0,0,0,0,0,0,0,0,0,0,0,0,0,0,0,0,NA,NA,NA,NA,0,NA,No_change-absent
WAVI,4B,WAVI,18,0,0,0,0,0,0,0,0,0,0,0,0,0,0,0,0,0,0,0,0,NA,NA,NA,NA,0,NA,No_change-absent
DEJU,4B,DEJU,18,0,0,0,0,0,0,0,0,0,0,0,0,0,0,0,0,0,0,0,0,NA,NA,NA,NA,0,NA,No_change-absent
LALO,4B,LALO,18,0,0,0,0,0,0,0,0,0,0,0,0,0,0,0,0,0,0,0,0,NA,NA,NA,NA,0,NA,No_change-absent
NRWS,4B,NRWS,18,0,0,0,0,0,0,0,0,0,0,0,0,0,0,0,0,0,0,0,0,NA,NA,NA,NA,0,NA,No_change-absent
SPTO,4B,SPTO,18,0,0,0,0,0,0,0,0,0,0,0,0,0,0,0,0,0,0,0,0,NA,NA,NA,NA,0,NA,No_change-absent
STFL,4B,STFL,18,0,0,0,0,0,0,0,0,0,0,0,0,0,0,0,0,0,0,0,0,NA,NA,NA,NA,0,NA,No_change-absent
TUVU,4B,TUVU,18,0,0,0,0,0,0,0,0,0,0,0,0,0,0,0,0,0,0,0,0,NA,NA,NA,NA,0,NA,No_change-absent
CAGO,4B,CAGO,18,0,0,0,0,0,0,0,0,0,0,0,0,0,0,0,0,0,0,0,0,NA,NA,NA,NA,0,NA,No_change-absent
GTGR,4B,GTGR,18,0,0,0,0,0,0,0,0,0,0,0,0,0,0,0,0,0,0,0,0,NA,NA,NA,NA,0,NA,No_change-absent
AMGO,N1B,AMGO,18,4,0.2222222222222222,0,0,0,0,1,0,1,0,0,0,0,0,0,0,0,1,1,0,1,0.2222222222222222,0.2222222222222222,0.4361509065077108,6,0,Random
AMRO,N1B,AMRO,18,2,0.1111111111111111,0,0,0,0,0,0,0,0,0,0,0,1,0,0,0,1,0,0,0.4532547047537364,0,0.2222222222222222,0.7283793213393187,4,0,Random
ATSP,N1B,ATSP,18,4,0.2222222222222222,0,1,0,0,0,0,0,0,0,0,0,1,0,0,0,1,0,1,0.5707503880581739,0.1111111111111111,0.3333333333333333,0.713137456144415,7,0,Random
BAOR,N1B,BAOR,18,0,0,0,0,0,0,0,0,0,0,0,0,0,0,0,0,0,0,0,0,NA,NA,NA,NA,0,NA,No_change-absent
BEVI,N1B,BEVI,18,8,0.4444444444444444,1,0,0,0,0,0,1,0,0,0,0,0,1,1,1,1,1,1,0.15472892348537878,0.2222222222222222,0.6666666666666666,0.008038804912936993,4,0,Recurrent
BHCO,N1B,BHCO,18,17,0.9444444444444444,1,1,1,0,1,1,1,1,1,1,1,1,1,1,1,1,1,1,1,0.8888888888888888,1,0.6381631950841186,2,0,Random
BLGR,N1B,BLGR,18,3,0.16666666666666666,1,0,0,0,0,1,0,0,0,0,0,1,0,0,0,0,0,0,1,0.2222222222222222,0.1111111111111111,0.5,5,0,Random
BRTH,N1B,BRTH,18,14,0.7777777777777778,1,1,0,0,1,1,1,1,1,1,1,0,1,1,0,1,1,1,1,0.7777777777777778,0.7777777777777778,0.4361509065077108,6,0,Random
COYE,N1B,COYE,18,2,0.1111111111111111,0,0,0,0,0,0,0,0,0,1,0,0,1,0,0,0,0,0,0.4532547047537364,0,0.2222222222222222,0.7283793213393187,4,0,Random
DICK,N1B,DICK,18,17,0.9444444444444444,1,1,1,0,1,1,1,1,1,1,1,1,1,1,1,1,1,1,1,0.8888888888888888,1,0.6381631950841186,2,0,Random
DOWO,N1B,DOWO,18,0,0,0,0,0,0,0,0,0,0,0,0,0,0,0,0,0,0,0,0,NA,NA,NA,NA,0,NA,No_change-absent
EAKI,N1B,EAKI,18,2,0.1111111111111111,0,1,1,0,0,0,0,0,0,0,0,0,0,0,0,0,0,0,0.4532547047537364,0.2222222222222222,0,0.016680333026347412,2,0,Random
EAME,N1B,EAME,18,14,0.7777777777777778,1,1,1,0,1,1,1,1,1,1,1,1,0,0,0,1,1,1,0.5707503880581739,0.8888888888888888,0.6666666666666666,0.05398837609926968,4,0,Random
FISP,N1B,FISP,18,13,0.7222222222222222,1,1,1,0,1,1,1,1,1,0,0,0,1,0,1,1,1,1,0.2925841402738329,0.8888888888888888,0.5555555555555556,0.22610434285683928,6,0,Random
GCFL,N1B,GCFL,18,0,0,0,0,0,0,0,0,0,0,0,0,0,0,0,0,0,0,0,0,NA,NA,NA,NA,0,NA,No_change-absent
GHOW,N1B,GHOW,18,0,0,0,0,0,0,0,0,0,0,0,0,0,0,0,0,0,0,0,0,NA,NA,NA,NA,0,NA,No_change-absent
GRCA,N1B,GRCA,18,0,0,0,0,0,0,0,0,0,0,0,0,0,0,0,0,0,0,0,0,NA,NA,NA,NA,0,NA,No_change-absent
GRSP,N1B,GRSP,18,14,0.7777777777777778,0,0,1,0,1,1,1,1,1,1,0,1,1,1,1,1,1,1,0.5707503880581739,0.6666666666666666,0.8888888888888888,0.18833605346048377,5,0,Random
HESP,N1B,HESP,18,0,0,0,0,0,0,0,0,0,0,0,0,0,0,0,0,0,0,0,0,NA,NA,NA,NA,0,NA,No_change-absent
HOWR,N1B,HOWR,18,1,0.05555555555555555,0,0,0,0,0,0,0,0,0,0,1,0,0,0,0,0,0,0,1,0,0.1111111111111111,0.6381631950841186,2,0,Random
MODO,N1B,MODO,18,6,0.3333333333333333,0,0,1,0,1,1,0,0,1,0,0,0,0,0,0,1,1,0,0.6170750774519738,0.4444444444444444,0.2222222222222222,0.5,8,0,Random
NOBO,N1B,NOBO,18,11,0.6111111111111112,1,1,1,0,0,1,1,1,1,1,0,1,0,0,0,1,1,0,0.33355025411190464,0.7777777777777778,0.4444444444444444,0.21251532639246387,7,0,Random
NOCA,N1B,NOCA,18,1,0.05555555555555555,0,0,0,0,0,0,0,0,0,0,0,0,0,0,0,0,0,1,1,0,0.1111111111111111,0.002338867490523632,1,0,Random
NOHA,N1B,NOHA,18,1,0.05555555555555555,0,0,0,0,0,0,0,0,0,0,0,0,0,1,0,0,0,0,1,0,0.1111111111111111,0.6381631950841186,2,0,Random
OROR,N1B,OROR,18,0,0,0,0,0,0,0,0,0,0,0,0,0,0,0,0,0,0,0,0,NA,NA,NA,NA,0,NA,No_change-absent
RNEP,N1B,RNEP,18,4,0.2222222222222222,0,0,0,0,0,0,1,0,0,1,0,1,0,1,0,0,0,0,0.5707503880581739,0.1111111111111111,0.3333333333333333,0.9007580750691969,8,0,Random
RWBL,N1B,RWBL,18,0,0,0,0,0,0,0,0,0,0,0,0,0,0,0,0,0,0,0,0,NA,NA,NA,NA,0,NA,No_change-absent
UPSA,N1B,UPSA,18,11,0.6111111111111112,1,1,1,0,1,1,0,1,1,0,1,1,1,0,0,0,0,1,0.33355025411190464,0.7777777777777778,0.4444444444444444,0.3878598259222346,8,0,Random
YBCU,N1B,YBCU,18,2,0.1111111111111111,0,0,0,0,0,0,0,0,0,1,0,0,0,0,1,0,0,0,0.4532547047537364,0,0.2222222222222222,0.7283793213393187,4,0,Random
AMCR,N1B,AMCR,18,1,0.05555555555555555,0,0,0,0,0,1,0,0,0,0,0,0,0,0,0,0,0,0,1,0.1111111111111111,0,0.6381631950841186,2,0,Random
BCCH,N1B,BCCH,18,0,0,0,0,0,0,0,0,0,0,0,0,0,0,0,0,0,0,0,0,NA,NA,NA,NA,0,NA,No_change-absent
CONI,N1B,CONI,18,4,0.2222222222222222,0,0,0,0,1,1,1,0,0,0,0,0,0,0,0,1,0,0,0.5707503880581739,0.3333333333333333,0.1111111111111111,0.05398837609926968,4,0,Random
EABL,N1B,EABL,18,0,0,0,0,0,0,0,0,0,0,0,0,0,0,0,0,0,0,0,0,NA,NA,NA,NA,0,NA,No_change-absent
NOFL,N1B,NOFL,18,2,0.1111111111111111,0,0,0,1,0,0,0,0,0,0,0,0,1,0,0,0,0,0,1,0.1111111111111111,0.1111111111111111,0.7283793213393187,4,0,Random
RBWO,N1B,RBWO,18,1,0.05555555555555555,0,0,0,0,0,0,0,0,0,0,0,0,0,0,0,0,1,0,1,0,0.1111111111111111,0.6381631950841186,2,0,Random
RHWO,N1B,RHWO,18,0,0,0,0,0,0,0,0,0,0,0,0,0,0,0,0,0,0,0,0,NA,NA,NA,NA,0,NA,No_change-absent
SOSP,N1B,SOSP,18,0,0,0,0,0,0,0,0,0,0,0,0,0,0,0,0,0,0,0,0,NA,NA,NA,NA,0,NA,No_change-absent
RLHA,N1B,RLHA,18,0,0,0,0,0,0,0,0,0,0,0,0,0,0,0,0,0,0,0,0,NA,NA,NA,NA,0,NA,No_change-absent
RTHA,N1B,RTHA,18,2,0.1111111111111111,0,0,1,0,0,0,0,0,0,0,0,0,0,0,0,0,1,0,1,0.1111111111111111,0.1111111111111111,0.7283793213393187,4,0,Random
SEOW,N1B,SEOW,18,0,0,0,0,0,0,0,0,0,0,0,0,0,0,0,0,0,0,0,0,NA,NA,NA,NA,0,NA,No_change-absent
SEWR,N1B,SEWR,18,0,0,0,0,0,0,0,0,0,0,0,0,0,0,0,0,0,0,0,0,NA,NA,NA,NA,0,NA,No_change-absent
YEWA,N1B,YEWA,18,0,0,0,0,0,0,0,0,0,0,0,0,0,0,0,0,0,0,0,0,NA,NA,NA,NA,0,NA,No_change-absent
PISI,N1B,PISI,18,0,0,0,0,0,0,0,0,0,0,0,0,0,0,0,0,0,0,0,0,NA,NA,NA,NA,0,NA,No_change-absent
COHA,N1B,COHA,18,0,0,0,0,0,0,0,0,0,0,0,0,0,0,0,0,0,0,0,0,NA,NA,NA,NA,0,NA,No_change-absent
NSHR,N1B,NSHR,18,0,0,0,0,0,0,0,0,0,0,0,0,0,0,0,0,0,0,0,0,NA,NA,NA,NA,0,NA,No_change-absent
BLJA,N1B,BLJA,18,0,0,0,0,0,0,0,0,0,0,0,0,0,0,0,0,0,0,0,0,NA,NA,NA,NA,0,NA,No_change-absent
COPO,N1B,COPO,18,1,0.05555555555555555,0,0,0,0,0,0,0,0,0,0,0,0,0,1,0,0,0,0,1,0,0.1111111111111111,0.6381631950841186,2,0,Random
BARS,N1B,BARS,18,1,0.05555555555555555,0,0,0,0,0,0,0,0,0,0,0,1,0,0,0,0,0,0,1,0,0.1111111111111111,0.6381631950841186,2,0,Random
CHSW,N1B,CHSW,18,0,0,0,0,0,0,0,0,0,0,0,0,0,0,0,0,0,0,0,0,NA,NA,NA,NA,0,NA,No_change-absent
GOEA,N1B,GOEA,18,0,0,0,0,0,0,0,0,0,0,0,0,0,0,0,0,0,0,0,0,NA,NA,NA,NA,0,NA,No_change-absent
GRPC,N1B,GRPC,18,0,0,0,0,0,0,0,0,0,0,0,0,0,0,0,0,0,0,0,0,NA,NA,NA,NA,0,NA,No_change-absent
INBU,N1B,INBU,18,1,0.05555555555555555,0,0,0,0,0,0,0,0,0,1,0,0,0,0,0,0,0,0,1,0,0.1111111111111111,0.6381631950841186,2,0,Random
LASP,N1B,LASP,18,3,0.16666666666666666,0,0,0,0,0,0,0,0,0,0,0,1,0,0,1,0,0,1,0.20590321073206838,0,0.3333333333333333,0.5,5,0,Random
SUTA,N1B,SUTA,18,0,0,0,0,0,0,0,0,0,0,0,0,0,0,0,0,0,0,0,0,NA,NA,NA,NA,0,NA,No_change-absent
WEKI,N1B,WEKI,18,0,0,0,0,0,0,0,0,0,0,0,0,0,0,0,0,0,0,0,0,NA,NA,NA,NA,0,NA,No_change-absent
BEWR,N1B,BEWR,18,0,0,0,0,0,0,0,0,0,0,0,0,0,0,0,0,0,0,0,0,NA,NA,NA,NA,0,NA,No_change-absent
KILL,N1B,KILL,18,0,0,0,0,0,0,0,0,0,0,0,0,0,0,0,0,0,0,0,0,NA,NA,NA,NA,0,NA,No_change-absent
LOSH,N1B,LOSH,18,0,0,0,0,0,0,0,0,0,0,0,0,0,0,0,0,0,0,0,0,NA,NA,NA,NA,0,NA,No_change-absent
TUTI,N1B,TUTI,18,0,0,0,0,0,0,0,0,0,0,0,0,0,0,0,0,0,0,0,0,NA,NA,NA,NA,0,NA,No_change-absent
BGGN,N1B,BGGN,18,0,0,0,0,0,0,0,0,0,0,0,0,0,0,0,0,0,0,0,0,NA,NA,NA,NA,0,NA,No_change-absent
EATO,N1B,EATO,18,3,0.16666666666666666,0,0,0,0,0,0,0,0,0,0,0,1,0,1,0,1,0,0,0.20590321073206838,0,0.3333333333333333,0.8217238311163698,6,0,Random
KEWA,N1B,KEWA,18,0,0,0,0,0,0,0,0,0,0,0,0,0,0,0,0,0,0,0,0,NA,NA,NA,NA,0,NA,No_change-absent
CARW,N1B,CARW,18,0,0,0,0,0,0,0,0,0,0,0,0,0,0,0,0,0,0,0,0,NA,NA,NA,NA,0,NA,No_change-absent
COGR,N1B,COGR,18,0,0,0,0,0,0,0,0,0,0,0,0,0,0,0,0,0,0,0,0,NA,NA,NA,NA,0,NA,No_change-absent
EAWP,N1B,EAWP,18,0,0,0,0,0,0,0,0,0,0,0,0,0,0,0,0,0,0,0,0,NA,NA,NA,NA,0,NA,No_change-absent
HAWO,N1B,HAWO,18,0,0,0,0,0,0,0,0,0,0,0,0,0,0,0,0,0,0,0,0,NA,NA,NA,NA,0,NA,No_change-absent
WITU,N1B,WITU,18,0,0,0,0,0,0,0,0,0,0,0,0,0,0,0,0,0,0,0,0,NA,NA,NA,NA,0,NA,No_change-absent
ACFL,N1B,ACFL,18,0,0,0,0,0,0,0,0,0,0,0,0,0,0,0,0,0,0,0,0,NA,NA,NA,NA,0,NA,No_change-absent
EAPH,N1B,EAPH,18,0,0,0,0,0,0,0,0,0,0,0,0,0,0,0,0,0,0,0,0,NA,NA,NA,NA,0,NA,No_change-absent
HOLA,N1B,HOLA,18,2,0.1111111111111111,0,0,0,0,0,0,0,0,0,0,0,1,0,0,0,1,0,0,0.4532547047537364,0,0.2222222222222222,0.7283793213393187,4,0,Random
CLSW,N1B,CLSW,18,0,0,0,0,0,0,0,0,0,0,0,0,0,0,0,0,0,0,0,0,NA,NA,NA,NA,0,NA,No_change-absent
EUST,N1B,EUST,18,0,0,0,0,0,0,0,0,0,0,0,0,0,0,0,0,0,0,0,0,NA,NA,NA,NA,0,NA,No_change-absent
WAVI,N1B,WAVI,18,0,0,0,0,0,0,0,0,0,0,0,0,0,0,0,0,0,0,0,0,NA,NA,NA,NA,0,NA,No_change-absent
DEJU,N1B,DEJU,18,0,0,0,0,0,0,0,0,0,0,0,0,0,0,0,0,0,0,0,0,NA,NA,NA,NA,0,NA,No_change-absent
LALO,N1B,LALO,18,1,0.05555555555555555,0,0,0,0,0,0,0,0,0,0,0,0,0,0,1,0,0,0,1,0,0.1111111111111111,0.6381631950841186,2,0,Random
NRWS,N1B,NRWS,18,0,0,0,0,0,0,0,0,0,0,0,0,0,0,0,0,0,0,0,0,NA,NA,NA,NA,0,NA,No_change-absent
SPTO,N1B,SPTO,18,0,0,0,0,0,0,0,0,0,0,0,0,0,0,0,0,0,0,0,0,NA,NA,NA,NA,0,NA,No_change-absent
STFL,N1B,STFL,18,0,0,0,0,0,0,0,0,0,0,0,0,0,0,0,0,0,0,0,0,NA,NA,NA,NA,0,NA,No_change-absent
TUVU,N1B,TUVU,18,0,0,0,0,0,0,0,0,0,0,0,0,0,0,0,0,0,0,0,0,NA,NA,NA,NA,0,NA,No_change-absent
CAGO,N1B,CAGO,18,0,0,0,0,0,0,0,0,0,0,0,0,0,0,0,0,0,0,0,0,NA,NA,NA,NA,0,NA,No_change-absent
GTGR,N1B,GTGR,18,0,0,0,0,0,0,0,0,0,0,0,0,0,0,0,0,0,0,0,0,NA,NA,NA,NA,0,NA,No_change-absent
AMGO,N4B,AMGO,18,9,0.5,0,0,1,0,1,1,1,0,0,1,0,1,1,0,0,0,1,1,1,0.4444444444444444,0.5555555555555556,0.5,9,0,Random
AMRO,N4B,AMRO,18,1,0.05555555555555555,0,0,0,0,0,0,0,0,0,0,0,0,0,1,0,0,0,0,1,0,0.1111111111111111,0.6381631950841186,2,0,Random
ATSP,N4B,ATSP,18,9,0.5,0,1,0,0,0,0,0,1,0,1,1,0,0,1,1,1,1,1,0.0593464387919201,0.2222222222222222,0.7777777777777778,0.1655687296344852,7,0,Random
BAOR,N4B,BAOR,18,1,0.05555555555555555,0,0,0,0,0,0,0,0,0,0,0,1,0,0,0,0,0,0,1,0,0.1111111111111111,0.6381631950841186,2,0,Random
BEVI,N4B,BEVI,18,17,0.9444444444444444,1,1,1,0,1,1,1,1,1,1,1,1,1,1,1,1,1,1,1,0.8888888888888888,1,0.6381631950841186,2,0,Random
BHCO,N4B,BHCO,18,18,1,1,1,1,1,1,1,1,1,1,1,1,1,1,1,1,1,1,1,NA,NA,NA,NA,0,NA,No_change-present
BLGR,N4B,BLGR,18,2,0.1111111111111111,0,0,0,0,0,0,0,0,0,0,0,0,0,1,0,1,0,0,0.4532547047537364,0,0.2222222222222222,0.7283793213393187,4,0,Random
BRTH,N4B,BRTH,18,14,0.7777777777777778,1,1,1,1,1,1,1,1,0,0,0,1,0,1,1,1,1,1,0.5707503880581739,0.8888888888888888,0.6666666666666666,0.05398837609926968,4,0,Random
COYE,N4B,COYE,18,10,0.5555555555555556,1,0,1,0,1,1,1,1,0,1,0,1,1,0,0,0,0,1,0.6352562959972483,0.6666666666666666,0.4444444444444444,0.707837878027633,10,0,Random
DICK,N4B,DICK,18,16,0.8888888888888888,1,1,1,1,1,1,1,0,1,1,1,1,1,0,1,1,1,1,1,0.8888888888888888,0.8888888888888888,0.7283793213393187,4,0,Random
DOWO,N4B,DOWO,18,4,0.2222222222222222,1,1,0,0,0,0,0,0,0,0,0,0,0,1,0,1,0,0,1,0.2222222222222222,0.2222222222222222,0.18833605346048377,5,0,Random
EAKI,N4B,EAKI,18,3,0.16666666666666666,1,1,0,0,0,0,0,0,0,0,0,0,0,0,0,1,0,0,1,0.2222222222222222,0.1111111111111111,0.03259820953906502,3,0,Recurrent
EAME,N4B,EAME,18,15,0.8333333333333334,1,1,1,1,1,1,1,1,1,0,1,1,1,0,1,0,1,1,0.20590321073206838,1,0.6666666666666666,0.8217238311163698,6,0,Random
FISP,N4B,FISP,18,16,0.8888888888888888,1,1,1,0,1,1,1,1,1,1,0,1,1,1,1,1,1,1,1,0.8888888888888888,0.8888888888888888,0.7283793213393187,4,0,Random
GCFL,N4B,GCFL,18,4,0.2222222222222222,1,0,0,0,0,0,0,0,0,0,1,1,0,1,0,0,0,0,0.5707503880581739,0.1111111111111111,0.3333333333333333,0.18833605346048377,5,0,Random
GHOW,N4B,GHOW,18,2,0.1111111111111111,0,0,1,0,0,0,0,0,0,0,0,0,1,0,0,0,0,0,1,0.1111111111111111,0.1111111111111111,0.7283793213393187,4,0,Random
GRCA,N4B,GRCA,18,3,0.16666666666666666,1,0,0,0,0,0,0,0,0,0,0,0,0,0,0,0,1,1,1,0.1111111111111111,0.2222222222222222,0.002838616069079652,2,0,Random
GRSP,N4B,GRSP,18,15,0.8333333333333334,1,0,1,0,1,1,1,0,1,1,1,1,1,1,1,1,1,1,0.20590321073206838,0.6666666666666666,1,0.8217238311163698,6,0,Random
HESP,N4B,HESP,18,0,0,0,0,0,0,0,0,0,0,0,0,0,0,0,0,0,0,0,0,NA,NA,NA,NA,0,NA,No_change-absent
HOWR,N4B,HOWR,18,0,0,0,0,0,0,0,0,0,0,0,0,0,0,0,0,0,0,0,0,NA,NA,NA,NA,0,NA,No_change-absent
MODO,N4B,MODO,18,6,0.3333333333333333,0,1,1,0,0,1,0,0,0,0,0,1,0,1,0,0,1,0,1,0.3333333333333333,0.3333333333333333,0.8647574974489788,10,0,Random
NOBO,N4B,NOBO,18,13,0.7222222222222222,1,1,1,1,1,1,0,1,1,0,0,0,1,0,1,1,1,1,0.2925841402738329,0.8888888888888888,0.5555555555555556,0.22610434285683928,6,0,Random
NOCA,N4B,NOCA,18,5,0.2777777777777778,0,0,0,0,0,0,1,0,1,0,1,0,1,0,0,1,0,0,1,0.2222222222222222,0.3333333333333333,0.9562277571670506,10,0,Random
NOHA,N4B,NOHA,18,1,0.05555555555555555,0,0,1,0,0,0,0,0,0,0,0,0,0,0,0,0,0,0,1,0.1111111111111111,0,0.6381631950841186,2,0,Random
OROR,N4B,OROR,18,2,0.1111111111111111,0,0,0,0,1,0,0,0,0,0,0,0,0,0,0,0,0,1,1,0.1111111111111111,0.1111111111111111,0.2236576445221517,3,0,Random
RNEP,N4B,RNEP,18,1,0.05555555555555555,0,0,0,0,0,0,0,0,0,0,0,1,0,0,0,0,0,0,1,0,0.1111111111111111,0.6381631950841186,2,0,Random
RWBL,N4B,RWBL,18,1,0.05555555555555555,1,0,0,0,0,0,0,0,0,0,0,0,0,0,0,0,0,0,1,0.1111111111111111,0,0.002338867490523632,1,0,Random
UPSA,N4B,UPSA,18,17,0.9444444444444444,1,1,1,1,1,1,1,1,1,1,1,1,1,1,1,1,1,0,1,1,0.8888888888888888,0.002338867490523632,1,0,Random
YBCU,N4B,YBCU,18,4,0.2222222222222222,0,0,0,0,0,0,0,0,0,0,1,0,0,0,1,1,1,0,0.08897301170181332,0,0.4444444444444444,0.05398837609926968,4,0,Random
AMCR,N4B,AMCR,18,5,0.2777777777777778,0,1,0,0,0,0,0,1,0,1,1,0,0,0,1,0,0,0,1,0.2222222222222222,0.3333333333333333,0.6838096445413662,8,0,Random
BCCH,N4B,BCCH,18,6,0.3333333333333333,0,0,0,0,0,0,1,0,0,1,1,0,1,0,0,1,0,1,0.13361440253771517,0.1111111111111111,0.5555555555555556,0.7091739648223484,9,0,Random
CONI,N4B,CONI,18,2,0.1111111111111111,0,0,0,0,0,0,0,1,0,0,0,0,0,0,0,1,0,0,1,0.1111111111111111,0.1111111111111111,0.7283793213393187,4,0,Random
EABL,N4B,EABL,18,5,0.2777777777777778,0,1,0,0,0,0,0,0,1,0,1,0,0,1,0,1,0,0,1,0.2222222222222222,0.3333333333333333,0.9562277571670506,10,0,Random
NOFL,N4B,NOFL,18,2,0.1111111111111111,0,1,0,0,0,0,0,0,0,0,0,0,0,1,0,0,0,0,1,0.1111111111111111,0.1111111111111111,0.7283793213393187,4,0,Random
RBWO,N4B,RBWO,18,4,0.2222222222222222,0,1,0,0,0,0,0,0,1,0,1,0,0,0,0,0,1,0,1,0.2222222222222222,0.2222222222222222,0.9007580750691969,8,0,Random
RHWO,N4B,RHWO,18,1,0.05555555555555555,0,1,0,0,0,0,0,0,0,0,0,0,0,0,0,0,0,0,1,0.1111111111111111,0,0.6381631950841186,2,0,Random
SOSP,N4B,SOSP,18,0,0,0,0,0,0,0,0,0,0,0,0,0,0,0,0,0,0,0,0,NA,NA,NA,NA,0,NA,No_change-absent
RLHA,N4B,RLHA,18,0,0,0,0,0,0,0,0,0,0,0,0,0,0,0,0,0,0,0,0,NA,NA,NA,NA,0,NA,No_change-absent
RTHA,N4B,RTHA,18,0,0,0,0,0,0,0,0,0,0,0,0,0,0,0,0,0,0,0,0,NA,NA,NA,NA,0,NA,No_change-absent
SEOW,N4B,SEOW,18,0,0,0,0,0,0,0,0,0,0,0,0,0,0,0,0,0,0,0,0,NA,NA,NA,NA,0,NA,No_change-absent
SEWR,N4B,SEWR,18,1,0.05555555555555555,0,0,1,0,0,0,0,0,0,0,0,0,0,0,0,0,0,0,1,0.1111111111111111,0,0.6381631950841186,2,0,Random
YEWA,N4B,YEWA,18,0,0,0,0,0,0,0,0,0,0,0,0,0,0,0,0,0,0,0,0,NA,NA,NA,NA,0,NA,No_change-absent
PISI,N4B,PISI,18,0,0,0,0,0,0,0,0,0,0,0,0,0,0,0,0,0,0,0,0,NA,NA,NA,NA,0,NA,No_change-absent
COHA,N4B,COHA,18,1,0.05555555555555555,0,0,0,0,1,0,0,0,0,0,0,0,0,0,0,0,0,0,1,0.1111111111111111,0,0.6381631950841186,2,0,Random
NSHR,N4B,NSHR,18,0,0,0,0,0,0,0,0,0,0,0,0,0,0,0,0,0,0,0,0,NA,NA,NA,NA,0,NA,No_change-absent
BLJA,N4B,BLJA,18,2,0.1111111111111111,0,0,0,0,0,0,0,0,1,0,0,0,0,0,0,0,1,0,1,0.1111111111111111,0.1111111111111111,0.7283793213393187,4,0,Random
COPO,N4B,COPO,18,2,0.1111111111111111,0,0,0,0,0,1,0,0,0,0,0,1,0,0,0,0,0,0,1,0.1111111111111111,0.1111111111111111,0.7283793213393187,4,0,Random
BARS,N4B,BARS,18,0,0,0,0,0,0,0,0,0,0,0,0,0,0,0,0,0,0,0,0,NA,NA,NA,NA,0,NA,No_change-absent
CHSW,N4B,CHSW,18,0,0,0,0,0,0,0,0,0,0,0,0,0,0,0,0,0,0,0,0,NA,NA,NA,NA,0,NA,No_change-absent
GOEA,N4B,GOEA,18,0,0,0,0,0,0,0,0,0,0,0,0,0,0,0,0,0,0,0,0,NA,NA,NA,NA,0,NA,No_change-absent
GRPC,N4B,GRPC,18,2,0.1111111111111111,0,0,0,0,0,0,0,0,0,1,0,1,0,0,0,0,0,0,0.4532547047537364,0,0.2222222222222222,0.7283793213393187,4,0,Random
INBU,N4B,INBU,18,2,0.1111111111111111,0,0,0,0,0,0,0,0,0,0,0,0,0,0,0,1,0,1,0.4532547047537364,0,0.2222222222222222,0.2236576445221517,3,0,Random
LASP,N4B,LASP,18,5,0.2777777777777778,0,0,0,0,0,0,0,1,1,1,0,0,0,1,0,0,1,0,1,0.2222222222222222,0.3333333333333333,0.22610434285683928,6,0,Random
SUTA,N4B,SUTA,18,0,0,0,0,0,0,0,0,0,0,0,0,0,0,0,0,0,0,0,0,NA,NA,NA,NA,0,NA,No_change-absent
WEKI,N4B,WEKI,18,0,0,0,0,0,0,0,0,0,0,0,0,0,0,0,0,0,0,0,0,NA,NA,NA,NA,0,NA,No_change-absent
BEWR,N4B,BEWR,18,0,0,0,0,0,0,0,0,0,0,0,0,0,0,0,0,0,0,0,0,NA,NA,NA,NA,0,NA,No_change-absent
KILL,N4B,KILL,18,1,0.05555555555555555,0,0,0,0,0,0,0,1,0,0,0,0,0,0,0,0,0,0,1,0.1111111111111111,0,0.6381631950841186,2,0,Random
LOSH,N4B,LOSH,18,0,0,0,0,0,0,0,0,0,0,0,0,0,0,0,0,0,0,0,0,NA,NA,NA,NA,0,NA,No_change-absent
TUTI,N4B,TUTI,18,3,0.16666666666666666,0,0,0,0,0,0,0,0,1,0,1,1,0,0,0,0,0,0,1,0.1111111111111111,0.2222222222222222,0.1782761688836302,4,0,Random
BGGN,N4B,BGGN,18,0,0,0,0,0,0,0,0,0,0,0,0,0,0,0,0,0,0,0,0,NA,NA,NA,NA,0,NA,No_change-absent
EATO,N4B,EATO,18,2,0.1111111111111111,0,0,0,0,0,0,0,0,0,0,0,1,1,0,0,0,0,0,0.4532547047537364,0,0.2222222222222222,0.016680333026347412,2,0,Random
KEWA,N4B,KEWA,18,0,0,0,0,0,0,0,0,0,0,0,0,0,0,0,0,0,0,0,0,NA,NA,NA,NA,0,NA,No_change-absent
CARW,N4B,CARW,18,0,0,0,0,0,0,0,0,0,0,0,0,0,0,0,0,0,0,0,0,NA,NA,NA,NA,0,NA,No_change-absent
COGR,N4B,COGR,18,0,0,0,0,0,0,0,0,0,0,0,0,0,0,0,0,0,0,0,0,NA,NA,NA,NA,0,NA,No_change-absent
EAWP,N4B,EAWP,18,2,0.1111111111111111,0,0,0,0,0,0,0,0,0,0,1,0,0,0,0,1,0,0,0.4532547047537364,0,0.2222222222222222,0.7283793213393187,4,0,Random
HAWO,N4B,HAWO,18,1,0.05555555555555555,0,0,0,0,0,0,0,0,0,0,1,0,0,0,0,0,0,0,1,0,0.1111111111111111,0.6381631950841186,2,0,Random
WITU,N4B,WITU,18,0,0,0,0,0,0,0,0,0,0,0,0,0,0,0,0,0,0,0,0,NA,NA,NA,NA,0,NA,No_change-absent
ACFL,N4B,ACFL,18,0,0,0,0,0,0,0,0,0,0,0,0,0,0,0,0,0,0,0,0,NA,NA,NA,NA,0,NA,No_change-absent
EAPH,N4B,EAPH,18,1,0.05555555555555555,0,0,0,0,0,0,0,0,0,0,0,0,1,0,0,0,0,0,1,0,0.1111111111111111,0.6381631950841186,2,0,Random
HOLA,N4B,HOLA,18,0,0,0,0,0,0,0,0,0,0,0,0,0,0,0,0,0,0,0,0,NA,NA,NA,NA,0,NA,No_change-absent
CLSW,N4B,CLSW,18,0,0,0,0,0,0,0,0,0,0,0,0,0,0,0,0,0,0,0,0,NA,NA,NA,NA,0,NA,No_change-absent
EUST,N4B,EUST,18,0,0,0,0,0,0,0,0,0,0,0,0,0,0,0,0,0,0,0,0,NA,NA,NA,NA,0,NA,No_change-absent
WAVI,N4B,WAVI,18,0,0,0,0,0,0,0,0,0,0,0,0,0,0,0,0,0,0,0,0,NA,NA,NA,NA,0,NA,No_change-absent
DEJU,N4B,DEJU,18,2,0.1111111111111111,0,0,0,0,0,0,0,0,0,0,0,0,0,0,1,0,0,1,0.4532547047537364,0,0.2222222222222222,0.2236576445221517,3,0,Random
LALO,N4B,LALO,18,0,0,0,0,0,0,0,0,0,0,0,0,0,0,0,0,0,0,0,0,NA,NA,NA,NA,0,NA,No_change-absent
NRWS,N4B,NRWS,18,0,0,0,0,0,0,0,0,0,0,0,0,0,0,0,0,0,0,0,0,NA,NA,NA,NA,0,NA,No_change-absent
SPTO,N4B,SPTO,18,0,0,0,0,0,0,0,0,0,0,0,0,0,0,0,0,0,0,0,0,NA,NA,NA,NA,0,NA,No_change-absent
STFL,N4B,STFL,18,0,0,0,0,0,0,0,0,0,0,0,0,0,0,0,0,0,0,0,0,NA,NA,NA,NA,0,NA,No_change-absent
TUVU,N4B,TUVU,18,0,0,0,0,0,0,0,0,0,0,0,0,0,0,0,0,0,0,0,0,NA,NA,NA,NA,0,NA,No_change-absent
CAGO,N4B,CAGO,18,0,0,0,0,0,0,0,0,0,0,0,0,0,0,0,0,0,0,0,0,NA,NA,NA,NA,0,NA,No_change-absent
GTGR,N4B,GTGR,18,1,0.05555555555555555,0,0,0,0,0,0,0,0,0,0,0,0,0,0,0,0,0,1,1,0,0.1111111111111111,0.002338867490523632,1,0,Random
AMGO,1D,AMGO,18,2,0.1111111111111111,0,0,0,0,0,0,0,0,0,0,0,0,0,0,1,0,0,1,0.4532547047537364,0,0.2222222222222222,0.2236576445221517,3,0,Random
AMRO,1D,AMRO,18,1,0.05555555555555555,0,1,0,0,0,0,0,0,0,0,0,0,0,0,0,0,0,0,1,0.1111111111111111,0,0.6381631950841186,2,0,Random
ATSP,1D,ATSP,18,3,0.16666666666666666,0,1,0,0,0,0,0,0,0,0,1,1,0,0,0,0,0,0,1,0.1111111111111111,0.2222222222222222,0.1782761688836302,4,0,Random
BAOR,1D,BAOR,18,0,0,0,0,0,0,0,0,0,0,0,0,0,0,0,0,0,0,0,0,NA,NA,NA,NA,0,NA,No_change-absent
BEVI,1D,BEVI,18,0,0,0,0,0,0,0,0,0,0,0,0,0,0,0,0,0,0,0,0,NA,NA,NA,NA,0,NA,No_change-absent
BHCO,1D,BHCO,18,18,1,1,1,1,1,1,1,1,1,1,1,1,1,1,1,1,1,1,1,NA,NA,NA,NA,0,NA,No_change-present
BLGR,1D,BLGR,18,0,0,0,0,0,0,0,0,0,0,0,0,0,0,0,0,0,0,0,0,NA,NA,NA,NA,0,NA,No_change-absent
BRTH,1D,BRTH,18,4,0.2222222222222222,1,1,0,0,0,0,0,0,0,0,0,0,0,1,0,1,0,0,1,0.2222222222222222,0.2222222222222222,0.18833605346048377,5,0,Random
COYE,1D,COYE,18,7,0.3888888888888889,1,0,0,0,0,1,1,0,1,0,1,0,0,0,0,1,1,0,1,0.4444444444444444,0.3333333333333333,0.5901462310851059,9,0,Random
DICK,1D,DICK,18,18,1,1,1,1,1,1,1,1,1,1,1,1,1,1,1,1,1,1,1,NA,NA,NA,NA,0,NA,No_change-present
DOWO,1D,DOWO,18,0,0,0,0,0,0,0,0,0,0,0,0,0,0,0,0,0,0,0,0,NA,NA,NA,NA,0,NA,No_change-absent
EAKI,1D,EAKI,18,4,0.2222222222222222,1,1,1,0,0,1,0,0,0,0,0,0,0,0,0,0,0,0,0.08897301170181332,0.4444444444444444,0,0.00988556344776966,3,0,Recurrent
EAME,1D,EAME,18,18,1,1,1,1,1,1,1,1,1,1,1,1,1,1,1,1,1,1,1,NA,NA,NA,NA,0,NA,No_change-present
FISP,1D,FISP,18,0,0,0,0,0,0,0,0,0,0,0,0,0,0,0,0,0,0,0,0,NA,NA,NA,NA,0,NA,No_change-absent
GCFL,1D,GCFL,18,0,0,0,0,0,0,0,0,0,0,0,0,0,0,0,0,0,0,0,0,NA,NA,NA,NA,0,NA,No_change-absent
GHOW,1D,GHOW,18,1,0.05555555555555555,0,0,0,1,0,0,0,0,0,0,0,0,0,0,0,0,0,0,1,0.1111111111111111,0,0.6381631950841186,2,0,Random
GRCA,1D,GRCA,18,0,0,0,0,0,0,0,0,0,0,0,0,0,0,0,0,0,0,0,0,NA,NA,NA,NA,0,NA,No_change-absent
GRSP,1D,GRSP,18,18,1,1,1,1,1,1,1,1,1,1,1,1,1,1,1,1,1,1,1,NA,NA,NA,NA,0,NA,No_change-present
HESP,1D,HESP,18,0,0,0,0,0,0,0,0,0,0,0,0,0,0,0,0,0,0,0,0,NA,NA,NA,NA,0,NA,No_change-absent
HOWR,1D,HOWR,18,0,0,0,0,0,0,0,0,0,0,0,0,0,0,0,0,0,0,0,0,NA,NA,NA,NA,0,NA,No_change-absent
MODO,1D,MODO,18,13,0.7222222222222222,0,1,1,1,1,1,1,1,0,1,0,1,0,1,1,1,1,0,1,0.7777777777777778,0.6666666666666666,0.6838096445413662,8,0,Random
NOBO,1D,NOBO,18,12,0.6666666666666666,1,1,1,0,1,1,1,1,1,0,0,0,1,0,1,1,1,0,0.13361440253771517,0.8888888888888888,0.4444444444444444,0.2908260351776516,7,0,Random
NOCA,1D,NOCA,18,0,0,0,0,0,0,0,0,0,0,0,0,0,0,0,0,0,0,0,0,NA,NA,NA,NA,0,NA,No_change-absent
NOHA,1D,NOHA,18,7,0.3888888888888889,0,0,1,0,0,0,0,0,0,0,1,1,1,1,0,1,1,0,0.053116187722430326,0.1111111111111111,0.6666666666666666,0.09500549032361279,6,0,Random
OROR,1D,OROR,18,0,0,0,0,0,0,0,0,0,0,0,0,0,0,0,0,0,0,0,0,NA,NA,NA,NA,0,NA,No_change-absent
RNEP,1D,RNEP,18,5,0.2777777777777778,1,1,1,1,0,0,0,0,1,0,0,0,0,0,0,0,0,0,0.03529659684140806,0.5555555555555556,0,0.2537995516853632,3,-1,Decreasing
RWBL,1D,RWBL,18,18,1,1,1,1,1,1,1,1,1,1,1,1,1,1,1,1,1,1,1,NA,NA,NA,NA,0,NA,No_change-present
UPSA,1D,UPSA,18,13,0.7222222222222222,0,1,1,1,0,0,1,1,1,1,1,1,1,1,1,0,0,1,1,0.6666666666666666,0.7777777777777778,0.08584459620086143,5,0,Random
YBCU,1D,YBCU,18,1,0.05555555555555555,0,0,0,0,0,0,0,0,0,0,0,0,0,0,0,0,0,1,1,0,0.1111111111111111,0.002338867490523632,1,0,Random
AMCR,1D,AMCR,18,1,0.05555555555555555,0,0,0,0,0,0,0,0,0,0,0,0,0,1,0,0,0,0,1,0,0.1111111111111111,0.6381631950841186,2,0,Random
BCCH,1D,BCCH,18,0,0,0,0,0,0,0,0,0,0,0,0,0,0,0,0,0,0,0,0,NA,NA,NA,NA,0,NA,No_change-absent
CONI,1D,CONI,18,3,0.16666666666666666,0,0,0,0,0,0,0,1,1,0,0,0,0,0,1,0,0,0,1,0.2222222222222222,0.1111111111111111,0.1782761688836302,4,0,Random
EABL,1D,EABL,18,0,0,0,0,0,0,0,0,0,0,0,0,0,0,0,0,0,0,0,0,NA,NA,NA,NA,0,NA,No_change-absent
NOFL,1D,NOFL,18,1,0.05555555555555555,0,1,0,0,0,0,0,0,0,0,0,0,0,0,0,0,0,0,1,0.1111111111111111,0,0.6381631950841186,2,0,Random
RBWO,1D,RBWO,18,0,0,0,0,0,0,0,0,0,0,0,0,0,0,0,0,0,0,0,0,NA,NA,NA,NA,0,NA,No_change-absent
RHWO,1D,RHWO,18,1,0.05555555555555555,0,0,1,0,0,0,0,0,0,0,0,0,0,0,0,0,0,0,1,0.1111111111111111,0,0.6381631950841186,2,0,Random
SOSP,1D,SOSP,18,0,0,0,0,0,0,0,0,0,0,0,0,0,0,0,0,0,0,0,0,NA,NA,NA,NA,0,NA,No_change-absent
RLHA,1D,RLHA,18,1,0.05555555555555555,0,0,1,0,0,0,0,0,0,0,0,0,0,0,0,0,0,0,1,0.1111111111111111,0,0.6381631950841186,2,0,Random
RTHA,1D,RTHA,18,0,0,0,0,0,0,0,0,0,0,0,0,0,0,0,0,0,0,0,0,NA,NA,NA,NA,0,NA,No_change-absent
SEOW,1D,SEOW,18,1,0.05555555555555555,0,0,1,0,0,0,0,0,0,0,0,0,0,0,0,0,0,0,1,0.1111111111111111,0,0.6381631950841186,2,0,Random
SEWR,1D,SEWR,18,0,0,0,0,0,0,0,0,0,0,0,0,0,0,0,0,0,0,0,0,NA,NA,NA,NA,0,NA,No_change-absent
YEWA,1D,YEWA,18,0,0,0,0,0,0,0,0,0,0,0,0,0,0,0,0,0,0,0,0,NA,NA,NA,NA,0,NA,No_change-absent
PISI,1D,PISI,18,0,0,0,0,0,0,0,0,0,0,0,0,0,0,0,0,0,0,0,0,NA,NA,NA,NA,0,NA,No_change-absent
COHA,1D,COHA,18,0,0,0,0,0,0,0,0,0,0,0,0,0,0,0,0,0,0,0,0,NA,NA,NA,NA,0,NA,No_change-absent
NSHR,1D,NSHR,18,0,0,0,0,0,0,0,0,0,0,0,0,0,0,0,0,0,0,0,0,NA,NA,NA,NA,0,NA,No_change-absent
BLJA,1D,BLJA,18,0,0,0,0,0,0,0,0,0,0,0,0,0,0,0,0,0,0,0,0,NA,NA,NA,NA,0,NA,No_change-absent
COPO,1D,COPO,18,0,0,0,0,0,0,0,0,0,0,0,0,0,0,0,0,0,0,0,0,NA,NA,NA,NA,0,NA,No_change-absent
BARS,1D,BARS,18,5,0.2777777777777778,0,0,0,0,0,0,1,1,0,0,0,0,0,1,0,1,0,1,1,0.2222222222222222,0.3333333333333333,0.4456420193801202,7,0,Random
CHSW,1D,CHSW,18,0,0,0,0,0,0,0,0,0,0,0,0,0,0,0,0,0,0,0,0,NA,NA,NA,NA,0,NA,No_change-absent
GOEA,1D,GOEA,18,0,0,0,0,0,0,0,0,0,0,0,0,0,0,0,0,0,0,0,0,NA,NA,NA,NA,0,NA,No_change-absent
GRPC,1D,GRPC,18,0,0,0,0,0,0,0,0,0,0,0,0,0,0,0,0,0,0,0,0,NA,NA,NA,NA,0,NA,No_change-absent
INBU,1D,INBU,18,0,0,0,0,0,0,0,0,0,0,0,0,0,0,0,0,0,0,0,0,NA,NA,NA,NA,0,NA,No_change-absent
LASP,1D,LASP,18,0,0,0,0,0,0,0,0,0,0,0,0,0,0,0,0,0,0,0,0,NA,NA,NA,NA,0,NA,No_change-absent
SUTA,1D,SUTA,18,0,0,0,0,0,0,0,0,0,0,0,0,0,0,0,0,0,0,0,0,NA,NA,NA,NA,0,NA,No_change-absent
WEKI,1D,WEKI,18,0,0,0,0,0,0,0,0,0,0,0,0,0,0,0,0,0,0,0,0,NA,NA,NA,NA,0,NA,No_change-absent
BEWR,1D,BEWR,18,0,0,0,0,0,0,0,0,0,0,0,0,0,0,0,0,0,0,0,0,NA,NA,NA,NA,0,NA,No_change-absent
KILL,1D,KILL,18,1,0.05555555555555555,0,0,0,0,0,0,0,1,0,0,0,0,0,0,0,0,0,0,1,0.1111111111111111,0,0.6381631950841186,2,0,Random
LOSH,1D,LOSH,18,0,0,0,0,0,0,0,0,0,0,0,0,0,0,0,0,0,0,0,0,NA,NA,NA,NA,0,NA,No_change-absent
TUTI,1D,TUTI,18,0,0,0,0,0,0,0,0,0,0,0,0,0,0,0,0,0,0,0,0,NA,NA,NA,NA,0,NA,No_change-absent
BGGN,1D,BGGN,18,0,0,0,0,0,0,0,0,0,0,0,0,0,0,0,0,0,0,0,0,NA,NA,NA,NA,0,NA,No_change-absent
EATO,1D,EATO,18,0,0,0,0,0,0,0,0,0,0,0,0,0,0,0,0,0,0,0,0,NA,NA,NA,NA,0,NA,No_change-absent
KEWA,1D,KEWA,18,0,0,0,0,0,0,0,0,0,0,0,0,0,0,0,0,0,0,0,0,NA,NA,NA,NA,0,NA,No_change-absent
CARW,1D,CARW,18,0,0,0,0,0,0,0,0,0,0,0,0,0,0,0,0,0,0,0,0,NA,NA,NA,NA,0,NA,No_change-absent
COGR,1D,COGR,18,0,0,0,0,0,0,0,0,0,0,0,0,0,0,0,0,0,0,0,0,NA,NA,NA,NA,0,NA,No_change-absent
EAWP,1D,EAWP,18,0,0,0,0,0,0,0,0,0,0,0,0,0,0,0,0,0,0,0,0,NA,NA,NA,NA,0,NA,No_change-absent
HAWO,1D,HAWO,18,0,0,0,0,0,0,0,0,0,0,0,0,0,0,0,0,0,0,0,0,NA,NA,NA,NA,0,NA,No_change-absent
WITU,1D,WITU,18,0,0,0,0,0,0,0,0,0,0,0,0,0,0,0,0,0,0,0,0,NA,NA,NA,NA,0,NA,No_change-absent
ACFL,1D,ACFL,18,0,0,0,0,0,0,0,0,0,0,0,0,0,0,0,0,0,0,0,0,NA,NA,NA,NA,0,NA,No_change-absent
EAPH,1D,EAPH,18,0,0,0,0,0,0,0,0,0,0,0,0,0,0,0,0,0,0,0,0,NA,NA,NA,NA,0,NA,No_change-absent
HOLA,1D,HOLA,18,1,0.05555555555555555,0,0,0,0,0,0,0,0,0,0,0,0,0,0,0,0,1,0,1,0,0.1111111111111111,0.6381631950841186,2,0,Random
CLSW,1D,CLSW,18,0,0,0,0,0,0,0,0,0,0,0,0,0,0,0,0,0,0,0,0,NA,NA,NA,NA,0,NA,No_change-absent
EUST,1D,EUST,18,0,0,0,0,0,0,0,0,0,0,0,0,0,0,0,0,0,0,0,0,NA,NA,NA,NA,0,NA,No_change-absent
WAVI,1D,WAVI,18,0,0,0,0,0,0,0,0,0,0,0,0,0,0,0,0,0,0,0,0,NA,NA,NA,NA,0,NA,No_change-absent
DEJU,1D,DEJU,18,0,0,0,0,0,0,0,0,0,0,0,0,0,0,0,0,0,0,0,0,NA,NA,NA,NA,0,NA,No_change-absent
LALO,1D,LALO,18,0,0,0,0,0,0,0,0,0,0,0,0,0,0,0,0,0,0,0,0,NA,NA,NA,NA,0,NA,No_change-absent
NRWS,1D,NRWS,18,1,0.05555555555555555,0,0,0,0,0,0,0,0,0,0,0,0,0,0,1,0,0,0,1,0,0.1111111111111111,0.6381631950841186,2,0,Random
SPTO,1D,SPTO,18,0,0,0,0,0,0,0,0,0,0,0,0,0,0,0,0,0,0,0,0,NA,NA,NA,NA,0,NA,No_change-absent
STFL,1D,STFL,18,0,0,0,0,0,0,0,0,0,0,0,0,0,0,0,0,0,0,0,0,NA,NA,NA,NA,0,NA,No_change-absent
TUVU,1D,TUVU,18,0,0,0,0,0,0,0,0,0,0,0,0,0,0,0,0,0,0,0,0,NA,NA,NA,NA,0,NA,No_change-absent
CAGO,1D,CAGO,18,0,0,0,0,0,0,0,0,0,0,0,0,0,0,0,0,0,0,0,0,NA,NA,NA,NA,0,NA,No_change-absent
GTGR,1D,GTGR,18,0,0,0,0,0,0,0,0,0,0,0,0,0,0,0,0,0,0,0,0,NA,NA,NA,NA,0,NA,No_change-absent
AMGO,4A,AMGO,18,7,0.3888888888888889,0,1,0,0,1,1,0,0,1,1,0,0,0,1,0,0,1,0,1,0.4444444444444444,0.3333333333333333,0.7705755855972882,10,0,Random
AMRO,4A,AMRO,18,1,0.05555555555555555,0,0,0,0,0,0,0,0,0,0,0,0,0,0,0,1,0,0,1,0,0.1111111111111111,0.6381631950841186,2,0,Random
ATSP,4A,ATSP,18,5,0.2777777777777778,0,0,0,0,0,0,0,1,0,0,1,0,0,1,0,1,0,1,0.2925841402738329,0.1111111111111111,0.4444444444444444,0.8628990043839045,9,0,Random
BAOR,4A,BAOR,18,1,0.05555555555555555,0,1,0,0,0,0,0,0,0,0,0,0,0,0,0,0,0,0,1,0.1111111111111111,0,0.6381631950841186,2,0,Random
BEVI,4A,BEVI,18,16,0.8888888888888888,0,1,1,1,0,1,1,1,1,1,1,1,1,1,1,1,1,1,0.4532547047537364,0.7777777777777778,1,0.2236576445221517,3,0,Random
BHCO,4A,BHCO,18,18,1,1,1,1,1,1,1,1,1,1,1,1,1,1,1,1,1,1,1,NA,NA,NA,NA,0,NA,No_change-present
BLGR,4A,BLGR,18,2,0.1111111111111111,0,0,1,0,0,0,0,0,0,0,0,0,0,0,0,1,0,0,1,0.1111111111111111,0.1111111111111111,0.7283793213393187,4,0,Random
BRTH,4A,BRTH,18,8,0.4444444444444444,0,1,1,1,0,0,0,0,0,1,1,1,1,0,1,0,0,0,0.6352562959972483,0.3333333333333333,0.5555555555555556,0.07745418017215297,6,0,Random
COYE,4A,COYE,18,11,0.6111111111111112,0,1,1,0,0,1,0,1,1,1,0,1,1,0,0,1,1,1,1,0.5555555555555556,0.6666666666666666,0.5901462310851059,9,0,Random
DICK,4A,DICK,18,17,0.9444444444444444,1,1,1,1,1,0,1,1,1,1,1,1,1,1,1,1,1,1,1,0.8888888888888888,1,0.6381631950841186,2,0,Random
DOWO,4A,DOWO,18,0,0,0,0,0,0,0,0,0,0,0,0,0,0,0,0,0,0,0,0,NA,NA,NA,NA,0,NA,No_change-absent
EAKI,4A,EAKI,18,5,0.2777777777777778,1,1,1,0,1,0,0,0,0,1,0,0,0,0,0,0,0,0,0.2925841402738329,0.4444444444444444,0.1111111111111111,0.08584459620086143,5,0,Random
EAME,4A,EAME,18,16,0.8888888888888888,1,1,1,1,1,1,1,1,1,1,0,1,1,1,0,1,1,1,0.4532547047537364,1,0.7777777777777778,0.7283793213393187,4,0,Random
FISP,4A,FISP,18,8,0.4444444444444444,1,0,0,0,0,1,1,0,1,0,0,0,0,1,0,1,1,1,1,0.4444444444444444,0.4444444444444444,0.33081513412468533,8,0,Random
GCFL,4A,GCFL,18,0,0,0,0,0,0,0,0,0,0,0,0,0,0,0,0,0,0,0,0,NA,NA,NA,NA,0,NA,No_change-absent
GHOW,4A,GHOW,18,0,0,0,0,0,0,0,0,0,0,0,0,0,0,0,0,0,0,0,0,NA,NA,NA,NA,0,NA,No_change-absent
GRCA,4A,GRCA,18,4,0.2222222222222222,0,0,0,0,1,0,0,0,0,0,0,1,0,1,0,0,1,0,0.5707503880581739,0.1111111111111111,0.3333333333333333,0.9007580750691969,8,0,Random
GRSP,4A,GRSP,18,14,0.7777777777777778,1,1,1,1,1,1,0,0,1,1,0,1,1,1,0,1,1,1,1,0.7777777777777778,0.7777777777777778,0.4361509065077108,6,0,Random
HESP,4A,HESP,18,4,0.2222222222222222,0,0,0,0,1,1,0,0,1,0,0,0,0,0,0,0,1,0,0.5707503880581739,0.3333333333333333,0.1111111111111111,0.4361509065077108,6,0,Random
HOWR,4A,HOWR,18,1,0.05555555555555555,0,0,0,0,0,0,0,1,0,0,0,0,0,0,0,0,0,0,1,0.1111111111111111,0,0.6381631950841186,2,0,Random
MODO,4A,MODO,18,11,0.6111111111111112,1,0,0,0,0,1,1,1,1,1,0,1,1,1,1,0,1,0,1,0.5555555555555556,0.6666666666666666,0.21251532639246387,7,0,Random
NOBO,4A,NOBO,18,6,0.3333333333333333,1,1,0,0,0,1,0,1,0,0,0,1,0,0,0,1,0,0,0.6170750774519738,0.4444444444444444,0.2222222222222222,0.7091739648223484,9,0,Random
NOCA,4A,NOCA,18,3,0.16666666666666666,0,0,0,1,0,1,0,0,0,0,0,0,0,0,0,0,0,1,1,0.2222222222222222,0.1111111111111111,0.5,5,0,Random
NOHA,4A,NOHA,18,2,0.1111111111111111,0,0,0,0,0,0,0,0,0,0,1,0,0,0,0,1,0,0,0.4532547047537364,0,0.2222222222222222,0.7283793213393187,4,0,Random
OROR,4A,OROR,18,0,0,0,0,0,0,0,0,0,0,0,0,0,0,0,0,0,0,0,0,NA,NA,NA,NA,0,NA,No_change-absent
RNEP,4A,RNEP,18,0,0,0,0,0,0,0,0,0,0,0,0,0,0,0,0,0,0,0,0,NA,NA,NA,NA,0,NA,No_change-absent
RWBL,4A,RWBL,18,8,0.4444444444444444,1,0,1,1,1,1,0,1,1,0,0,1,0,0,0,0,0,0,0.01770606580736664,0.7777777777777778,0.1111111111111111,0.2537995516853632,7,-1,Decreasing
UPSA,4A,UPSA,18,9,0.5,0,1,1,1,0,0,1,1,1,0,0,0,0,1,1,0,0,1,0.3457785861511603,0.6666666666666666,0.3333333333333333,0.1655687296344852,7,0,Random
YBCU,4A,YBCU,18,1,0.05555555555555555,0,0,0,0,0,0,0,0,0,0,0,0,1,0,0,0,0,0,1,0,0.1111111111111111,0.6381631950841186,2,0,Random
AMCR,4A,AMCR,18,1,0.05555555555555555,0,0,0,0,0,0,0,0,0,0,0,0,0,0,0,0,0,1,1,0,0.1111111111111111,0.002338867490523632,1,0,Random
BCCH,4A,BCCH,18,0,0,0,0,0,0,0,0,0,0,0,0,0,0,0,0,0,0,0,0,NA,NA,NA,NA,0,NA,No_change-absent
CONI,4A,CONI,18,0,0,0,0,0,0,0,0,0,0,0,0,0,0,0,0,0,0,0,0,NA,NA,NA,NA,0,NA,No_change-absent
EABL,4A,EABL,18,0,0,0,0,0,0,0,0,0,0,0,0,0,0,0,0,0,0,0,0,NA,NA,NA,NA,0,NA,No_change-absent
NOFL,4A,NOFL,18,2,0.1111111111111111,0,0,0,0,0,0,0,0,0,0,0,0,1,1,0,0,0,0,0.4532547047537364,0,0.2222222222222222,0.016680333026347412,2,0,Random
RBWO,4A,RBWO,18,0,0,0,0,0,0,0,0,0,0,0,0,0,0,0,0,0,0,0,0,NA,NA,NA,NA,0,NA,No_change-absent
RHWO,4A,RHWO,18,0,0,0,0,0,0,0,0,0,0,0,0,0,0,0,0,0,0,0,0,NA,NA,NA,NA,0,NA,No_change-absent
SOSP,4A,SOSP,18,0,0,0,0,0,0,0,0,0,0,0,0,0,0,0,0,0,0,0,0,NA,NA,NA,NA,0,NA,No_change-absent
RLHA,4A,RLHA,18,0,0,0,0,0,0,0,0,0,0,0,0,0,0,0,0,0,0,0,0,NA,NA,NA,NA,0,NA,No_change-absent
RTHA,4A,RTHA,18,0,0,0,0,0,0,0,0,0,0,0,0,0,0,0,0,0,0,0,0,NA,NA,NA,NA,0,NA,No_change-absent
SEOW,4A,SEOW,18,0,0,0,0,0,0,0,0,0,0,0,0,0,0,0,0,0,0,0,0,NA,NA,NA,NA,0,NA,No_change-absent
SEWR,4A,SEWR,18,0,0,0,0,0,0,0,0,0,0,0,0,0,0,0,0,0,0,0,0,NA,NA,NA,NA,0,NA,No_change-absent
YEWA,4A,YEWA,18,0,0,0,0,0,0,0,0,0,0,0,0,0,0,0,0,0,0,0,0,NA,NA,NA,NA,0,NA,No_change-absent
PISI,4A,PISI,18,0,0,0,0,0,0,0,0,0,0,0,0,0,0,0,0,0,0,0,0,NA,NA,NA,NA,0,NA,No_change-absent
COHA,4A,COHA,18,0,0,0,0,0,0,0,0,0,0,0,0,0,0,0,0,0,0,0,0,NA,NA,NA,NA,0,NA,No_change-absent
NSHR,4A,NSHR,18,0,0,0,0,0,0,0,0,0,0,0,0,0,0,0,0,0,0,0,0,NA,NA,NA,NA,0,NA,No_change-absent
BLJA,4A,BLJA,18,1,0.05555555555555555,0,0,0,0,0,0,0,0,0,0,0,1,0,0,0,0,0,0,1,0,0.1111111111111111,0.6381631950841186,2,0,Random
COPO,4A,COPO,18,0,0,0,0,0,0,0,0,0,0,0,0,0,0,0,0,0,0,0,0,NA,NA,NA,NA,0,NA,No_change-absent
BARS,4A,BARS,18,5,0.2777777777777778,0,0,0,0,0,0,0,0,0,0,0,1,1,1,1,0,0,1,0.03529659684140806,0,0.5555555555555556,0.2537995516853632,3,1,Increasing
CHSW,4A,CHSW,18,0,0,0,0,0,0,0,0,0,0,0,0,0,0,0,0,0,0,0,0,NA,NA,NA,NA,0,NA,No_change-absent
GOEA,4A,GOEA,18,0,0,0,0,0,0,0,0,0,0,0,0,0,0,0,0,0,0,0,0,NA,NA,NA,NA,0,NA,No_change-absent
GRPC,4A,GRPC,18,0,0,0,0,0,0,0,0,0,0,0,0,0,0,0,0,0,0,0,0,NA,NA,NA,NA,0,NA,No_change-absent
INBU,4A,INBU,18,1,0.05555555555555555,0,0,0,0,0,0,0,0,0,0,0,0,0,0,0,0,1,0,1,0,0.1111111111111111,0.6381631950841186,2,0,Random
LASP,4A,LASP,18,0,0,0,0,0,0,0,0,0,0,0,0,0,0,0,0,0,0,0,0,NA,NA,NA,NA,0,NA,No_change-absent
SUTA,4A,SUTA,18,0,0,0,0,0,0,0,0,0,0,0,0,0,0,0,0,0,0,0,0,NA,NA,NA,NA,0,NA,No_change-absent
WEKI,4A,WEKI,18,0,0,0,0,0,0,0,0,0,0,0,0,0,0,0,0,0,0,0,0,NA,NA,NA,NA,0,NA,No_change-absent
BEWR,4A,BEWR,18,0,0,0,0,0,0,0,0,0,0,0,0,0,0,0,0,0,0,0,0,NA,NA,NA,NA,0,NA,No_change-absent
KILL,4A,KILL,18,0,0,0,0,0,0,0,0,0,0,0,0,0,0,0,0,0,0,0,0,NA,NA,NA,NA,0,NA,No_change-absent
LOSH,4A,LOSH,18,0,0,0,0,0,0,0,0,0,0,0,0,0,0,0,0,0,0,0,0,NA,NA,NA,NA,0,NA,No_change-absent
TUTI,4A,TUTI,18,0,0,0,0,0,0,0,0,0,0,0,0,0,0,0,0,0,0,0,0,NA,NA,NA,NA,0,NA,No_change-absent
BGGN,4A,BGGN,18,0,0,0,0,0,0,0,0,0,0,0,0,0,0,0,0,0,0,0,0,NA,NA,NA,NA,0,NA,No_change-absent
EATO,4A,EATO,18,6,0.3333333333333333,0,0,0,0,0,0,0,0,0,1,1,1,1,0,1,0,1,0,0.012419330651552294,0,0.6666666666666666,0.2537995516853632,6,1,Increasing
KEWA,4A,KEWA,18,0,0,0,0,0,0,0,0,0,0,0,0,0,0,0,0,0,0,0,0,NA,NA,NA,NA,0,NA,No_change-absent
CARW,4A,CARW,18,0,0,0,0,0,0,0,0,0,0,0,0,0,0,0,0,0,0,0,0,NA,NA,NA,NA,0,NA,No_change-absent
COGR,4A,COGR,18,1,0.05555555555555555,0,0,0,0,0,0,0,0,0,0,0,0,0,0,0,0,0,1,1,0,0.1111111111111111,0.002338867490523632,1,0,Random
EAWP,4A,EAWP,18,0,0,0,0,0,0,0,0,0,0,0,0,0,0,0,0,0,0,0,0,NA,NA,NA,NA,0,NA,No_change-absent
HAWO,4A,HAWO,18,0,0,0,0,0,0,0,0,0,0,0,0,0,0,0,0,0,0,0,0,NA,NA,NA,NA,0,NA,No_change-absent
WITU,4A,WITU,18,0,0,0,0,0,0,0,0,0,0,0,0,0,0,0,0,0,0,0,0,NA,NA,NA,NA,0,NA,No_change-absent
ACFL,4A,ACFL,18,0,0,0,0,0,0,0,0,0,0,0,0,0,0,0,0,0,0,0,0,NA,NA,NA,NA,0,NA,No_change-absent
EAPH,4A,EAPH,18,0,0,0,0,0,0,0,0,0,0,0,0,0,0,0,0,0,0,0,0,NA,NA,NA,NA,0,NA,No_change-absent
HOLA,4A,HOLA,18,0,0,0,0,0,0,0,0,0,0,0,0,0,0,0,0,0,0,0,0,NA,NA,NA,NA,0,NA,No_change-absent
CLSW,4A,CLSW,18,1,0.05555555555555555,0,0,0,0,0,0,0,0,0,0,0,0,1,0,0,0,0,0,1,0,0.1111111111111111,0.6381631950841186,2,0,Random
EUST,4A,EUST,18,0,0,0,0,0,0,0,0,0,0,0,0,0,0,0,0,0,0,0,0,NA,NA,NA,NA,0,NA,No_change-absent
WAVI,4A,WAVI,18,0,0,0,0,0,0,0,0,0,0,0,0,0,0,0,0,0,0,0,0,NA,NA,NA,NA,0,NA,No_change-absent
DEJU,4A,DEJU,18,0,0,0,0,0,0,0,0,0,0,0,0,0,0,0,0,0,0,0,0,NA,NA,NA,NA,0,NA,No_change-absent
LALO,4A,LALO,18,0,0,0,0,0,0,0,0,0,0,0,0,0,0,0,0,0,0,0,0,NA,NA,NA,NA,0,NA,No_change-absent
NRWS,4A,NRWS,18,0,0,0,0,0,0,0,0,0,0,0,0,0,0,0,0,0,0,0,0,NA,NA,NA,NA,0,NA,No_change-absent
SPTO,4A,SPTO,18,0,0,0,0,0,0,0,0,0,0,0,0,0,0,0,0,0,0,0,0,NA,NA,NA,NA,0,NA,No_change-absent
STFL,4A,STFL,18,0,0,0,0,0,0,0,0,0,0,0,0,0,0,0,0,0,0,0,0,NA,NA,NA,NA,0,NA,No_change-absent
TUVU,4A,TUVU,18,0,0,0,0,0,0,0,0,0,0,0,0,0,0,0,0,0,0,0,0,NA,NA,NA,NA,0,NA,No_change-absent
CAGO,4A,CAGO,18,0,0,0,0,0,0,0,0,0,0,0,0,0,0,0,0,0,0,0,0,NA,NA,NA,NA,0,NA,No_change-absent
GTGR,4A,GTGR,18,0,0,0,0,0,0,0,0,0,0,0,0,0,0,0,0,0,0,0,0,NA,NA,NA,NA,0,NA,No_change-absent
