<metadata xml:lang="en"><Esri><CreaDate>20130411</CreaDate><CreaTime>14185900</CreaTime><ArcGISFormat>1.0</ArcGISFormat><ArcGISstyle>ISO 19139 Metadata Implementation Specification</ArcGISstyle><SyncOnce>FALSE</SyncOnce><DataProperties><itemProps><itemLocation><linkage Sync="TRUE">file://\\KNZ-LABGIS\C$\tkuhn\LTER Work\SHP_FIN\4_12\GIS401.shp</linkage><protocol Sync="TRUE">Local Area Network</protocol></itemLocation><itemName Sync="TRUE">GIS401</itemName><nativeExtBox><westBL Sync="TRUE">707287.709500</westBL><eastBL Sync="TRUE">711939.708700</eastBL><southBL Sync="TRUE">4327152.256800</southBL><northBL Sync="TRUE">4331428.256100</northBL><exTypeCode Sync="TRUE">1</exTypeCode></nativeExtBox><itemSize Sync="TRUE">0.000</itemSize><imsContentType Sync="TRUE">002</imsContentType></itemProps><copyHistory><copy source="C:\tkuhn\from temp\Alaws\newssssies" dest="\\KNZ-LABGIS\C$\tkuhn\from temp\Alaws\newssssiesCopy" date="20130328" time="14242600"/></copyHistory><lineage><Process ToolSource="c:\program files (x86)\arcgis\desktop10.1\ArcToolbox\Toolboxes\Data Management Tools.tbx\DefineProjection" Date="20130328" Time="142512" Name="" export="">DefineProjection "C:\tkuhn\from temp\Alaws\newssssies_proj.shp" GEOGCS['GCS_WGS_1984',DATUM['D_WGS_1984',SPHEROID['WGS_1984',6378137.0,298.257223563]],PRIMEM['Greenwich',0.0],UNIT['Degree',0.0174532925199433]]</Process><Process ToolSource="c:\program files (x86)\arcgis\desktop10.1\ArcToolbox\Toolboxes\Data Management Tools.tbx\DefineProjection" Date="20130328" Time="144324" Name="" export="">DefineProjection "C:\tkuhn\from temp\Alaws\newssssies_proj.shp" PROJCS['WGS_1984_UTM_Zone_14N',GEOGCS['GCS_WGS_1984',DATUM['D_WGS_1984',SPHEROID['WGS_1984',6378137.0,298.257223563]],PRIMEM['Greenwich',0.0],UNIT['Degree',0.0174532925199433]],PROJECTION['Transverse_Mercator'],PARAMETER['False_Easting',500000.0],PARAMETER['False_Northing',0.0],PARAMETER['Central_Meridian',-99.0],PARAMETER['Scale_Factor',0.9996],PARAMETER['Latitude_Of_Origin',0.0],UNIT['Meter',1.0]]</Process><Process ToolSource="c:\program files (x86)\arcgis\desktop10.1\ArcToolbox\Toolboxes\Data Management Tools.tbx\CalculateField" Date="20130411" Time="123607" Name="" export="">CalculateField Consumers\CGR02Z_1 DATACODE "GIS401" VB #</Process><Process ToolSource="c:\program files (x86)\arcgis\desktop10.1\ArcToolbox\Toolboxes\Data Management Tools.tbx\Project" Date="20130411" Time="141859" Name="" export="">Project Consumers\CGR02Z_1 "C:\tkuhn\LTER Work\Konza LTER.gdb\GIS401" PROJCS['NAD_1983_UTM_Zone_14N',GEOGCS['GCS_North_American_1983',DATUM['D_North_American_1983',SPHEROID['GRS_1980',6378137.0,298.257222101]],PRIMEM['Greenwich',0.0],UNIT['Degree',0.0174532925199433]],PROJECTION['Transverse_Mercator'],PARAMETER['False_Easting',500000.0],PARAMETER['False_Northing',0.0],PARAMETER['Central_Meridian',-99.0],PARAMETER['Scale_Factor',0.9996],PARAMETER['Latitude_Of_Origin',0.0],UNIT['Meter',1.0]] WGS_1984_(ITRF00)_To_NAD_1983 PROJCS['WGS_1984_UTM_Zone_14N',GEOGCS['GCS_WGS_1984',DATUM['D_WGS_1984',SPHEROID['WGS_1984',6378137.0,298.257223563]],PRIMEM['Greenwich',0.0],UNIT['Degree',0.0174532925199433]],PROJECTION['Transverse_Mercator'],PARAMETER['False_Easting',500000.0],PARAMETER['False_Northing',0.0],PARAMETER['Central_Meridian',-99.0],PARAMETER['Scale_Factor',0.9996],PARAMETER['Latitude_Of_Origin',0.0],UNIT['Meter',1.0]]</Process><Process ToolSource="c:\program files (x86)\arcgis\desktop10.1\ArcToolbox\Toolboxes\Data Management Tools.tbx\CopyFeatures" Date="20130412" Time="114434">CopyFeatures "C:\tkuhn\LTER Work\Konza LTER.gdb\GIS401" "C:\tkuhn\LTER Work\SHP_FIN\4_12\GIS401.shp" # 0 0 0</Process><Process ToolSource="c:\program files (x86)\arcgis\desktop10.1\ArcToolbox\Toolboxes\Data Management Tools.tbx\CalculateField" Date="20130412" Time="133547">CalculateField GIS401 DATAID "[DATACODE] &amp; [FID]" VB #</Process><Process ToolSource="c:\program files (x86)\arcgis\desktop10.1\ArcToolbox\Toolboxes\Data Management Tools.tbx\CalculateField" Date="20130412" Time="133916">CalculateField GIS401 DATAID "[DATACODE] &amp; [FID]+1" VB #</Process></lineage><coordRef><type Sync="TRUE">Projected</type><geogcsn Sync="TRUE">GCS_North_American_1983</geogcsn><csUnits Sync="TRUE">Linear Unit: Meter (1.000000)</csUnits><peXml Sync="TRUE">&lt;ProjectedCoordinateSystem xsi:type='typens:ProjectedCoordinateSystem' xmlns:xsi='http://www.w3.org/2001/XMLSchema-instance' xmlns:xs='http://www.w3.org/2001/XMLSchema' xmlns:typens='http://www.esri.com/schemas/ArcGIS/10.1'&gt;&lt;WKT&gt;PROJCS[&amp;quot;NAD_1983_UTM_Zone_14N&amp;quot;,GEOGCS[&amp;quot;GCS_North_American_1983&amp;quot;,DATUM[&amp;quot;D_North_American_1983&amp;quot;,SPHEROID[&amp;quot;GRS_1980&amp;quot;,6378137.0,298.257222101]],PRIMEM[&amp;quot;Greenwich&amp;quot;,0.0],UNIT[&amp;quot;Degree&amp;quot;,0.0174532925199433]],PROJECTION[&amp;quot;Transverse_Mercator&amp;quot;],PARAMETER[&amp;quot;False_Easting&amp;quot;,500000.0],PARAMETER[&amp;quot;False_Northing&amp;quot;,0.0],PARAMETER[&amp;quot;Central_Meridian&amp;quot;,-99.0],PARAMETER[&amp;quot;Scale_Factor&amp;quot;,0.9996],PARAMETER[&amp;quot;Latitude_Of_Origin&amp;quot;,0.0],UNIT[&amp;quot;Meter&amp;quot;,1.0],AUTHORITY[&amp;quot;EPSG&amp;quot;,26914]]&lt;/WKT&gt;&lt;XOrigin&gt;-5120900&lt;/XOrigin&gt;&lt;YOrigin&gt;-9998100&lt;/YOrigin&gt;&lt;XYScale&gt;450445547.3910538&lt;/XYScale&gt;&lt;ZOrigin&gt;-100000&lt;/ZOrigin&gt;&lt;ZScale&gt;10000&lt;/ZScale&gt;&lt;MOrigin&gt;-100000&lt;/MOrigin&gt;&lt;MScale&gt;10000&lt;/MScale&gt;&lt;XYTolerance&gt;0.001&lt;/XYTolerance&gt;&lt;ZTolerance&gt;0.001&lt;/ZTolerance&gt;&lt;MTolerance&gt;0.001&lt;/MTolerance&gt;&lt;HighPrecision&gt;true&lt;/HighPrecision&gt;&lt;WKID&gt;26914&lt;/WKID&gt;&lt;LatestWKID&gt;26914&lt;/LatestWKID&gt;&lt;/ProjectedCoordinateSystem&gt;</peXml><projcsn Sync="TRUE">NAD_1983_UTM_Zone_14N</projcsn></coordRef></DataProperties><SyncDate>20130412</SyncDate><SyncTime>11443400</SyncTime><ModDate>20130412</ModDate><ModTime>11443400</ModTime><scaleRange><minScale>150000000</minScale><maxScale>5000</maxScale></scaleRange><ArcGISProfile>ISO19139</ArcGISProfile></Esri><eainfo><detailed Name="GIS401"><enttyp><enttypl Sync="TRUE">GIS401</enttypl><enttypt Sync="TRUE">Feature Class</enttypt><enttypc Sync="TRUE">0</enttypc></enttyp><attr><attrlabl Sync="TRUE">FID</attrlabl><attalias Sync="TRUE">FID</attalias><attrtype Sync="TRUE">OID</attrtype><attwidth Sync="TRUE">4</attwidth><atprecis Sync="TRUE">0</atprecis><attscale Sync="TRUE">0</attscale><attrdef Sync="TRUE">Internal feature number.</attrdef><attrdefs Sync="TRUE">Esri</attrdefs><attrdomv><udom Sync="TRUE">Sequential unique whole numbers that are automatically generated.</udom></attrdomv></attr><attr><attrlabl Sync="TRUE">Shape</attrlabl><attalias Sync="TRUE">Shape</attalias><attrtype Sync="TRUE">Geometry</attrtype><attwidth Sync="TRUE">0</attwidth><atprecis Sync="TRUE">0</atprecis><attscale Sync="TRUE">0</attscale><attrdef Sync="TRUE">Feature geometry.</attrdef><attrdefs Sync="TRUE">Esri</attrdefs><attrdomv><udom Sync="TRUE">Coordinates defining the features.</udom></attrdomv></attr><attr><attrlabl Sync="TRUE">Label</attrlabl><attalias Sync="TRUE">Label</attalias><attrtype Sync="TRUE">String</attrtype><attwidth Sync="TRUE">254</attwidth><atprecis Sync="TRUE">0</atprecis><attscale Sync="TRUE">0</attscale></attr><attr><attrlabl Sync="TRUE">Watershed</attrlabl><attalias Sync="TRUE">Watershed</attalias><attrtype Sync="TRUE">String</attrtype><attwidth Sync="TRUE">254</attwidth><atprecis Sync="TRUE">0</atprecis><attscale Sync="TRUE">0</attscale></attr><attr><attrlabl Sync="TRUE">X_COOR</attrlabl><attalias Sync="TRUE">X_COOR</attalias><attrtype Sync="TRUE">Single</attrtype><attwidth Sync="TRUE">13</attwidth><atprecis Sync="TRUE">0</atprecis><attscale Sync="TRUE">0</attscale></attr><attr><attrlabl Sync="TRUE">Y_COOR</attrlabl><attalias Sync="TRUE">Y_COOR</attalias><attrtype Sync="TRUE">Single</attrtype><attwidth Sync="TRUE">13</attwidth><atprecis Sync="TRUE">0</atprecis><attscale Sync="TRUE">0</attscale></attr><attr><attrlabl Sync="TRUE">DATACODE</attrlabl><attalias Sync="TRUE">DATACODE</attalias><attrtype Sync="TRUE">String</attrtype><attwidth Sync="TRUE">8</attwidth><atprecis Sync="TRUE">0</atprecis><attscale Sync="TRUE">0</attscale></attr><attr><attrlabl Sync="TRUE">DATAID</attrlabl><attalias Sync="TRUE">DATAID</attalias><attrtype Sync="TRUE">String</attrtype><attwidth Sync="TRUE">10</attwidth><atprecis Sync="TRUE">0</atprecis><attscale Sync="TRUE">0</attscale></attr></detailed></eainfo><mdLang><languageCode value="eng"/><countryCode value="USA" Sync="TRUE"/></mdLang><mdChar><CharSetCd value="004"/></mdChar><mdHrLv><ScopeCd value="005"/></mdHrLv><mdHrLvName Sync="TRUE">dataset</mdHrLvName><mdContact><rpIndName>Adam Skibbe</rpIndName><rpOrgName>Konza Prairie Biological Station</rpOrgName><rpPosName>Information Manager</rpPosName><rpCntInfo><cntPhone><voiceNum>785-532-6729</voiceNum><faxNum>785-532-6653</faxNum></cntPhone><cntAddress><delPoint>116 Ackert Hall</delPoint><delPoint>Kansas State University</delPoint><delPoint>Div. of Biology</delPoint><city>Manhattan</city><adminArea>Kansas</adminArea><postCode>66506</postCode><country>US</country><eMailAdd>askibbe@ksu.edu</eMailAdd></cntAddress></rpCntInfo><role><RoleCd value="007"/></role></mdContact><mdDateSt Sync="TRUE">20130412</mdDateSt><mdStanName>ArcGIS Metadata</mdStanName><mdStanVer>1.0</mdStanVer><distInfo><distributor><distorCont><rpIndName>Adam Skibbe</rpIndName><rpOrgName>Konza Prairie Biological Station LTER</rpOrgName><rpPosName>Information Manager</rpPosName><rpCntInfo><cntPhone><voiceNum>785-532-6729</voiceNum><faxNum>785-532-6653</faxNum></cntPhone><cntAddress><eMailAdd>askibbe@ksu.edu</eMailAdd></cntAddress></rpCntInfo><role><RoleCd value="005"/></role></distorCont><distorTran><onLineSrc><linkage>http://www.konza.ksu.edu/harvest/PASTA/GIS/</linkage></onLineSrc></distorTran></distributor><distFormat><formatName Sync="TRUE">Shapefile</formatName></distFormat><distTranOps><transSize>0.002</transSize></distTranOps></distInfo><dataIdInfo><idCitation><resTitle Sync="FALSE">GIS401: Sweep Sample Locations for Bison Grant Grasshoppers Datasets</resTitle><citRespParty><rpIndName>Adam Skibbe</rpIndName><rpOrgName>Konza Prairie Biological Station LTER</rpOrgName><rpPosName>Information Manager</rpPosName><rpCntInfo><cntPhone><voiceNum>785-532-6729</voiceNum><faxNum>785-532-6653</faxNum></cntPhone><cntAddress><delPoint>116 Ackert Hall</delPoint><city>Manhattan</city><adminArea>Kansas</adminArea><postCode>66506</postCode><country>US</country><eMailAdd>askibbe@ksu.edu</eMailAdd></cntAddress></rpCntInfo><role><RoleCd value="002"/></role></citRespParty><presForm><PresFormCd value="005"/></presForm></idCitation><idAbs>&lt;DIV STYLE="text-align:Left;"&gt;&lt;P STYLE="font-size:16pttext-indent:48;margin:0 0 0 0;"&gt;&lt;SPAN&gt;&lt;SPAN&gt;These data show the sampling locations for the consumer datasets at Konza Prairie. Record type 1 defines the starting points for sweep samples of grasshoppers across Konza Prairie (GIS400). These data may be used in conjunction with the sweep sample datasets (CGR02). Record type 2 defines the starting points for sweep samples of grasshoppers across Konza Prairie (GIS401), focusing on grazing impact. These data may be used in conjunction with the sweep sample datasets (CGR02Z). Record type 6 defines the trap locations for small mammal sampling across Konza Prairie (GIS405). These data may be used in conjunction with CSM01. &lt;/SPAN&gt;&lt;/SPAN&gt;&lt;/P&gt;&lt;DIV&gt;&lt;DIV&gt;&lt;P&gt;&lt;SPAN&gt;This is datatype GIS401.&lt;/SPAN&gt;&lt;/P&gt;&lt;/DIV&gt;&lt;/DIV&gt;&lt;/DIV&gt;</idAbs><idCredit>Adam Skibbe</idCredit><idStatus><ProgCd value="001"/></idStatus><idPoC><rpIndName>Adam Skibbe</rpIndName><rpOrgName>Konza Prairie Biological Station, Div. of Biology, Kansas State University</rpOrgName><rpPosName>Information Manager</rpPosName><rpCntInfo><cntPhone><voiceNum>785-532-6729</voiceNum><faxNum>785-532-6653</faxNum></cntPhone><cntAddress><delPoint>116 Ackert Hall</delPoint><delPoint>Div. of Biology</delPoint><delPoint>Kansas State University</delPoint><city>Manhattan</city><adminArea>KS</adminArea><postCode>66506</postCode><country>US</country><eMailAdd>askibbe@ksu.edu</eMailAdd></cntAddress></rpCntInfo><role><RoleCd value="007"/></role></idPoC><resMaint><maintFreq><MaintFreqCd value="011"/></maintFreq></resMaint><placeKeys><thesaName><resTitle>GNIS</resTitle></thesaName><keyword>Riley County</keyword><keyword>Geary county</keyword><keyword>Kansas</keyword><keyword>KNZ</keyword><keyword>Konza Prairie Biological Station</keyword><keyword>LTER</keyword></placeKeys><themeKeys><keyword>measurements</keyword><keyword>ecology</keyword><keyword>grasses</keyword><keyword>boundaries</keyword><keyword>grasshoppers</keyword><keyword>consumers</keyword><keyword>grasslands</keyword><keyword>GIS</keyword><keyword>geographic information systems</keyword></themeKeys><otherKeys><keyword>Downloadable Data</keyword></otherKeys><searchKeys><keyword>measurements</keyword><keyword>Downloadable Data</keyword><keyword>Riley County</keyword><keyword>Geary county</keyword><keyword>ecology</keyword><keyword>grasses</keyword><keyword>Kansas</keyword><keyword>boundaries</keyword><keyword>KNZ</keyword><keyword>grasshoppers</keyword><keyword>Konza Prairie Biological Station</keyword><keyword>consumers</keyword><keyword>grasslands</keyword><keyword>GIS</keyword><keyword>LTER</keyword><keyword>geographic information systems</keyword></searchKeys><resConst><LegConsts><useLimit>Although these data have been processed successfully on a computer system at the Konza Prairie Biological Station, no warranty expressed or implied is made regarding the accuracy or utility of the data on any other system or for general or scientific purposes, nor shall the act of distribution constitute any such warranty. This disclaimer applies both to individual use of the data and aggregate use with other data. It is strongly recommended that these data are directly acquired from a Konza Prairie Research Natural Area server, and not indirectly through other sources which may have changed the data in some way. It is also strongly recommended that careful attention be paid to the contents of the metadata file associated with these data. The Konza Prairie Research Natural Area shall not be held liable for improper or incorrect use of the data described and/or contained herein.</useLimit></LegConsts></resConst><resConst><Consts><useLimit>&lt;DIV STYLE="text-align:Left;"&gt;&lt;DIV&gt;&lt;DIV&gt;&lt;P&gt;&lt;SPAN&gt;We ask all publications, reports and proposals who use any data from KNZ acknowledge cite the KNZ program using the following statement: "Data for XXX was supported by the NSF Long Term Ecological Research Program at Konza Prairie Research Natural Area"; where XXX is the list of data sets used in the publications, reports or proposals.&lt;/SPAN&gt;&lt;/P&gt;&lt;/DIV&gt;&lt;/DIV&gt;&lt;/DIV&gt;</useLimit></Consts></resConst><spatRpType><SpatRepTypCd value="001"/></spatRpType><dataLang><languageCode value="eng"/><countryCode value="USA" Sync="TRUE"/></dataLang><dataChar><CharSetCd value="004"/></dataChar><envirDesc Sync="TRUE">Microsoft Windows 7 Version 6.1 (Build 7601) Service Pack 1; Esri ArcGIS 10.1.1.3143</envirDesc><dataExt><geoEle><GeoBndBox><exTypeCode>true</exTypeCode><westBL>-96.605017</westBL><eastBL>-96.553444</eastBL><southBL>39.066568</southBL><northBL>39.097694</northBL></GeoBndBox></geoEle></dataExt><dataExt><geoEle><GeoBndBox><exTypeCode>true</exTypeCode><westBL>-96.616681</westBL><eastBL>-96.536488</eastBL><southBL>39.064572</southBL><northBL>39.13743</northBL></GeoBndBox></geoEle></dataExt><dataExt><geoEle xmlns=""><GeoBndBox esriExtentType="search"><exTypeCode Sync="TRUE">1</exTypeCode><westBL Sync="TRUE">-96.603970</westBL><eastBL Sync="TRUE">-96.548910</eastBL><northBL Sync="TRUE">39.107373</northBL><southBL Sync="TRUE">39.067758</southBL></GeoBndBox></geoEle></dataExt><tpCat><TopicCatCd value="003"/></tpCat><tpCat><TopicCatCd value="002"/></tpCat><tpCat><TopicCatCd value="007"/></tpCat></dataIdInfo><mdMaint><maintFreq><MaintFreqCd value="012"/></maintFreq></mdMaint><dqInfo><dataLineage><prcStep><stepDesc>DefineProjection gis012 PROJCS['NAD_1983_UTM_Zone_14N',GEOGCS['GCS_North_American_1983',DATUM['D_North_American_1983',SPHEROID['GRS_1980',6378137.0,298.257222101]],PRIMEM['Greenwich',0.0],UNIT['Degree',0.0174532925199433]],PROJECTION['Transverse_Mercator'],PARAMETER['False_Easting',500000.0],PARAMETER['False_Northing',0.0],PARAMETER['Central_Meridian',-99.0],PARAMETER['Scale_Factor',0.9996],PARAMETER['Latitude_Of_Origin',0.0],UNIT['Meter',1.0]] gis012</stepDesc><stepDateTm>2009-06-05T12:23:06</stepDateTm></prcStep></dataLineage></dqInfo><spatRepInfo><VectSpatRep><geometObjs Name="GIS401"><geoObjTyp><GeoObjTypCd value="004" Sync="TRUE"></GeoObjTypCd></geoObjTyp><geoObjCnt Sync="TRUE">0</geoObjCnt></geometObjs><topLvl><TopoLevCd value="001" Sync="TRUE"></TopoLevCd></topLvl></VectSpatRep></spatRepInfo><refSysInfo><RefSystem><refSysID><identCode code="26914"/><idCodeSpace Sync="TRUE">EPSG</idCodeSpace><idVersion Sync="TRUE">7.11.2</idVersion></refSysID></RefSystem></refSysInfo><spdoinfo><ptvctinf><esriterm Name="GIS401"><efeatyp Sync="TRUE">Simple</efeatyp><efeageom code="1" Sync="TRUE"></efeageom><esritopo Sync="TRUE">FALSE</esritopo><efeacnt Sync="TRUE">0</efeacnt><spindex Sync="TRUE">FALSE</spindex><linrefer Sync="TRUE">FALSE</linrefer></esriterm></ptvctinf></spdoinfo></metadata>
