"","Species.watershed","Watershed_name","Species","2002","2003","2004","2005","2006","2007","2008","2009","2010","2011","2012","2013","2014","2015","2016","2017","2018","2019","2020"
"1","Ageneotettix deorum.1D","1D","Ageneotettix deorum",1,0,0,0,0,0,0,0,0,0,0,0,0,0,0,0,0,0,0
"2","Arphia xanthoptera.1D","1D","Arphia xanthoptera",2,0,0,0,0,0,0,0,0,2,2,0,0,0,0,0,0,0,0
"3","Boopedon auriventris.1D","1D","Boopedon auriventris",1,0,0,0,0,0,0,0,0,0,0,3,0,0,0,0,1,1,1
"4","Chortophaga viridifasciata.1D","1D","Chortophaga viridifasciata",1,0,0,0,0,0,0,0,0,0,0,0,0,0,0,0,0,0,0
"5","Hippiscus ocelote.1D","1D","Hippiscus ocelote",1,0,0,0,0,0,0,0,0,0,0,0,0,0,0,0,0,0,0
"6","Hypochlora alba.1D","1D","Hypochlora alba",26,0,0,0,0,0,0,1,0,4,9,2,0,0,6,0,0,0,0
"7","Melanoplus bivittatus.1D","1D","Melanoplus bivittatus",8,14,1,1,0,1,0,1,0,1,2,12,0,1,0,2,0,4,2
"8","Melanoplus keeleri.1D","1D","Melanoplus keeleri",20,27,9,12,5,1,7,5,0,2,10,17,17,9,2,8,6,12,5
"9","Melanoplus scudderi.1D","1D","Melanoplus scudderi",3,0,0,0,0,0,0,0,0,0,1,8,0,0,0,1,0,1,0
"10","Mermiria bivittata.1D","1D","Mermiria bivittata",21,10,5,2,1,6,1,1,1,2,6,0,1,4,3,5,3,16,6
"11","Opeia obscura.1D","1D","Opeia obscura",1,0,0,0,0,0,0,0,0,0,0,0,0,0,0,0,0,0,0
"12","Orphulella speciosa.1D","1D","Orphulella speciosa",278,293,85,124,60,71,156,35,20,32,156,479,108,53,64,80,85,138,44
"13","Phoetaliotes nebrascensis.1D","1D","Phoetaliotes nebrascensis",200,112,38,61,68,55,139,60,17,27,82,343,57,15,18,45,95,62,25
"14","Pseudopomala brachyptera.1D","1D","Pseudopomala brachyptera",2,3,0,0,0,0,0,0,0,0,0,0,0,0,0,0,0,2,0
"15","Syrbula admirabilis.1D","1D","Syrbula admirabilis",6,5,1,0,1,3,3,2,0,2,1,17,0,3,2,1,4,2,1
"16","Ageneotettix deorum.20B","20B","Ageneotettix deorum",1,1,0,0,0,0,0,0,0,0,0,0,0,0,0,0,0,0,0
"17","Arphia xanthoptera.20B","20B","Arphia xanthoptera",1,0,0,0,0,0,0,1,0,2,0,0,0,0,4,0,0,0,0
"18","Chortophaga viridifasciata.20B","20B","Chortophaga viridifasciata",4,0,0,0,0,0,0,0,0,0,0,0,0,0,0,0,0,0,0
"19","Hesperotettix speciosus.20B","20B","Hesperotettix speciosus",2,2,0,1,0,1,1,1,0,0,0,4,0,6,1,10,0,1,0
"20","Hesperotettix viridis.20B","20B","Hesperotettix viridis",1,7,3,2,1,0,1,1,0,0,2,2,2,0,0,0,0,1,0
"21","Hypochlora alba.20B","20B","Hypochlora alba",19,18,2,0,3,5,3,11,3,23,34,9,5,3,6,25,31,13,6
"22","Melanoplus bivittatus.20B","20B","Melanoplus bivittatus",14,12,1,0,0,3,0,1,0,2,5,16,7,2,0,0,0,5,6
"23","Melanoplus confusus.20B","20B","Melanoplus confusus",18,0,0,0,0,0,0,0,0,0,0,0,0,0,0,0,0,0,0
"24","Melanoplus femurrubrum.20B","20B","Melanoplus femurrubrum",6,6,4,1,0,0,9,2,1,1,22,1,2,1,0,7,0,2,0
"25","Melanoplus keeleri.20B","20B","Melanoplus keeleri",60,35,10,8,1,7,21,3,0,1,1,8,6,4,1,2,6,7,2
"26","Melanoplus scudderi.20B","20B","Melanoplus scudderi",20,24,0,3,2,8,17,5,1,8,15,12,4,4,3,8,0,3,5
"27","Mermiria bivittata.20B","20B","Mermiria bivittata",19,16,1,3,0,2,3,2,0,2,3,0,7,3,5,1,0,5,2
"28","Mermiria picta.20B","20B","Mermiria picta",5,6,0,0,0,0,4,4,0,0,4,0,3,0,2,1,4,1,0
"29","Opeia obscura.20B","20B","Opeia obscura",2,1,0,0,0,0,0,0,0,0,0,0,0,0,0,0,0,0,0
"30","Orphulella speciosa.20B","20B","Orphulella speciosa",28,49,3,3,2,12,25,8,2,0,3,23,12,3,2,4,6,6,4
"31","Paratylotropidia brunneri.20B","20B","Paratylotropidia brunneri",2,0,0,0,0,0,0,0,0,0,0,0,0,0,0,0,0,0,0
"32","Phoetaliotes nebrascensis.20B","20B","Phoetaliotes nebrascensis",196,56,12,24,16,57,187,100,15,162,476,193,32,33,45,187,127,79,53
"33","Pseudopomala brachyptera.20B","20B","Pseudopomala brachyptera",2,17,6,2,0,2,0,0,0,0,0,0,0,0,0,0,0,0,0
"34","Syrbula admirabilis.20B","20B","Syrbula admirabilis",2,3,0,1,1,7,8,1,0,2,1,14,2,0,2,5,12,11,6
"35","Arphia xanthoptera.4B","4B","Arphia xanthoptera",1,0,0,1,0,0,0,0,0,0,0,0,0,0,0,1,0,0,0
"36","Boopedon auriventris.4B","4B","Boopedon auriventris",1,1,0,0,0,0,0,0,0,0,0,0,0,0,0,0,0,0,2
"37","Brachystola magna.4B","4B","Brachystola magna",1,0,0,0,0,0,0,0,0,0,0,0,0,0,0,0,0,0,0
"38","Chortophaga viridifasciata.4B","4B","Chortophaga viridifasciata",3,0,0,0,0,0,0,0,0,0,0,0,0,0,0,0,0,0,1
"39","Hadrotettix trifasciatus.4B","4B","Hadrotettix trifasciatus",2,0,0,0,0,0,0,0,0,0,0,0,0,0,0,0,0,0,0
"40","Hesperotettix speciosus.4B","4B","Hesperotettix speciosus",2,4,1,0,1,2,1,1,0,1,0,0,2,2,0,19,1,1,0
"41","Hesperotettix viridis.4B","4B","Hesperotettix viridis",5,6,2,0,0,0,1,0,0,0,0,2,1,0,0,0,1,0,0
"42","Hippiscus ocelote.4B","4B","Hippiscus ocelote",1,0,0,0,0,0,0,0,0,0,0,0,0,0,0,0,0,0,0
"43","Hypochlora alba.4B","4B","Hypochlora alba",4,2,0,3,1,0,8,11,2,24,23,35,11,2,5,39,44,11,6
"44","Melanoplus bivittatus.4B","4B","Melanoplus bivittatus",4,7,0,0,0,0,0,2,0,0,3,15,0,0,3,1,2,1,2
"45","Melanoplus confusus.4B","4B","Melanoplus confusus",1,1,0,0,0,0,0,0,0,0,0,0,0,0,0,0,0,0,0
"46","Melanoplus keeleri.4B","4B","Melanoplus keeleri",45,24,13,14,20,5,14,22,1,1,4,33,17,5,1,35,40,20,7
"47","Melanoplus sanguinipes.4B","4B","Melanoplus sanguinipes",1,0,0,0,1,0,1,0,0,0,0,0,0,0,0,0,1,0,0
"48","Melanoplus scudderi.4B","4B","Melanoplus scudderi",16,4,0,7,6,4,8,10,0,21,21,58,14,3,4,35,14,4,5
"49","Mermiria bivittata.4B","4B","Mermiria bivittata",7,3,4,1,0,0,0,0,0,1,1,0,1,2,1,0,4,15,2
"50","Orphulella speciosa.4B","4B","Orphulella speciosa",21,16,15,28,8,10,21,10,0,8,6,38,7,4,6,14,48,28,14
"51","Phoetaliotes nebrascensis.4B","4B","Phoetaliotes nebrascensis",157,66,19,21,24,19,73,139,12,95,151,466,33,8,31,171,136,74,48
"52","Syrbula admirabilis.4B","4B","Syrbula admirabilis",1,0,0,0,1,0,0,0,1,1,1,5,1,0,0,0,13,10,5
"53","Ageneotettix deorum.4F","4F","Ageneotettix deorum",2,0,1,0,0,0,0,0,1,0,0,0,0,0,0,0,0,0,0
"54","Arphia simplex.4F","4F","Arphia simplex",1,0,0,0,0,0,0,0,0,0,0,0,0,0,0,0,0,0,0
"55","Arphia xanthoptera.4F","4F","Arphia xanthoptera",1,0,0,0,0,0,0,0,0,1,2,0,0,1,0,0,3,0,0
"56","Boopedon auriventris.4F","4F","Boopedon auriventris",2,1,1,0,0,0,0,0,0,0,0,1,0,0,0,0,0,1,0
"57","Chortophaga viridifasciata.4F","4F","Chortophaga viridifasciata",1,0,0,0,0,0,0,0,0,0,0,0,0,0,0,0,0,0,0
"58","Hadrotettix trifasciatus.4F","4F","Hadrotettix trifasciatus",3,0,0,0,0,1,0,0,0,0,0,0,0,0,0,0,0,0,0
"59","Hesperotettix speciosus.4F","4F","Hesperotettix speciosus",1,2,0,0,0,4,0,0,1,1,0,1,1,2,1,4,0,2,1
"60","Hesperotettix viridis.4F","4F","Hesperotettix viridis",2,2,0,3,0,0,0,0,0,0,1,2,0,0,0,0,0,0,0
"61","Hypochlora alba.4F","4F","Hypochlora alba",7,0,0,2,0,5,0,2,3,12,25,6,7,0,3,2,12,20,4
"62","Melanoplus bivittatus.4F","4F","Melanoplus bivittatus",8,6,1,1,0,0,0,2,0,3,2,4,2,3,0,0,0,0,1
"63","Melanoplus confusus.4F","4F","Melanoplus confusus",25,0,0,0,0,0,0,0,0,0,0,0,0,0,0,0,0,0,0
"64","Melanoplus differentialis.4F","4F","Melanoplus differentialis",3,0,1,0,0,0,0,0,0,0,0,0,0,0,0,0,0,0,0
"65","Melanoplus femurrubrum.4F","4F","Melanoplus femurrubrum",6,1,5,0,0,0,4,5,1,16,43,13,1,4,0,6,5,43,1
"66","Melanoplus keeleri.4F","4F","Melanoplus keeleri",53,19,12,3,4,16,23,6,1,7,9,11,5,2,1,1,2,10,0
"67","Melanoplus sanguinipes.4F","4F","Melanoplus sanguinipes",2,0,0,0,0,0,0,0,0,3,0,0,0,0,0,0,0,0,0
"68","Melanoplus scudderi.4F","4F","Melanoplus scudderi",10,3,0,0,0,4,5,4,1,4,19,11,1,2,1,4,1,12,0
"69","Mermiria bivittata.4F","4F","Mermiria bivittata",26,21,3,2,1,3,3,2,0,2,36,0,2,0,2,3,1,6,0
"70","Mermiria picta.4F","4F","Mermiria picta",3,12,0,1,0,0,0,0,0,0,5,0,0,0,0,1,2,0,0
"71","Opeia obscura.4F","4F","Opeia obscura",7,0,0,0,0,0,0,0,0,0,0,0,0,0,0,0,0,0,0
"72","Orphulella speciosa.4F","4F","Orphulella speciosa",89,31,23,11,3,22,46,8,2,16,27,59,14,5,2,5,13,18,6
"73","Phoetaliotes nebrascensis.4F","4F","Phoetaliotes nebrascensis",218,96,44,35,9,95,81,43,16,99,221,212,93,62,17,88,236,224,21
"74","Syrbula admirabilis.4F","4F","Syrbula admirabilis",9,4,1,3,4,3,10,1,0,1,18,9,0,0,1,3,13,0,3
"75","Ageneotettix deorum.N1B","N1B","Ageneotettix deorum",78,72,20,15,6,7,7,0,0,1,9,14,4,0,0,0,2,0,0
"76","Arphia conspersa.N1B","N1B","Arphia conspersa",1,0,0,0,0,0,0,0,0,0,0,0,0,0,0,0,0,0,0
"77","Arphia simplex.N1B","N1B","Arphia simplex",3,0,0,0,0,0,2,0,0,0,1,0,0,1,0,1,0,0,1
"78","Arphia xanthoptera.N1B","N1B","Arphia xanthoptera",2,0,1,0,0,0,0,1,2,1,4,0,0,0,0,1,0,0,0
"79","Chortophaga viridifasciata.N1B","N1B","Chortophaga viridifasciata",7,2,0,1,0,0,0,0,0,0,0,0,0,0,0,1,0,1,0
"80","Eritettix simplex.N1B","N1B","Eritettix simplex",1,0,0,0,0,0,0,0,0,0,0,0,0,0,0,0,0,0,0
"81","Hesperotettix speciosus.N1B","N1B","Hesperotettix speciosus",10,15,2,1,0,4,5,2,1,0,6,2,4,14,9,18,6,1,1
"82","Hesperotettix viridis.N1B","N1B","Hesperotettix viridis",4,46,1,6,0,0,0,1,0,0,3,3,3,1,1,0,0,1,0
"83","Hippiscus ocelote.N1B","N1B","Hippiscus ocelote",2,1,0,0,0,0,0,0,0,0,0,0,0,0,0,0,0,1,0
"84","Hypochlora alba.N1B","N1B","Hypochlora alba",50,7,1,1,1,6,5,1,1,2,10,4,5,5,4,8,1,8,2
"85","Melanoplus bivittatus.N1B","N1B","Melanoplus bivittatus",14,7,4,0,1,3,1,2,0,2,9,12,9,1,0,0,0,3,0
"86","Melanoplus confusus.N1B","N1B","Melanoplus confusus",29,14,3,1,0,0,0,1,0,0,2,5,0,5,0,0,0,0,0
"87","Melanoplus femurrubrum.N1B","N1B","Melanoplus femurrubrum",3,74,70,21,17,2,39,51,22,27,77,49,19,13,7,12,18,41,2
"88","Melanoplus keeleri.N1B","N1B","Melanoplus keeleri",132,79,50,16,10,14,20,5,4,3,7,17,12,6,2,6,14,41,7
"89","Melanoplus packardii.N1B","N1B","Melanoplus packardii",4,3,2,0,1,1,0,1,0,0,0,0,0,0,0,0,2,0,0
"90","Melanoplus sanguinipes.N1B","N1B","Melanoplus sanguinipes",14,11,2,6,10,13,4,0,0,0,1,0,2,0,0,0,7,2,1
"91","Melanoplus scudderi.N1B","N1B","Melanoplus scudderi",22,9,0,1,1,8,10,7,0,4,2,7,1,4,4,1,7,2,2
"92","Mermiria bivittata.N1B","N1B","Mermiria bivittata",12,7,0,0,1,1,1,0,2,5,3,0,0,0,0,1,0,3,0
"93","Mermiria picta.N1B","N1B","Mermiria picta",8,7,1,1,0,2,0,2,0,0,2,0,0,1,0,1,0,0,0
"94","Opeia obscura.N1B","N1B","Opeia obscura",2,1,0,0,0,0,0,0,0,0,0,0,0,0,0,0,0,0,0
"95","Orphulella speciosa.N1B","N1B","Orphulella speciosa",301,174,62,35,20,42,59,40,12,26,83,132,16,8,5,22,25,43,13
"96","Pardalophora haldemani.N1B","N1B","Pardalophora haldemani",1,2,0,4,2,0,0,0,0,0,1,3,0,0,0,0,0,0,0
"97","Phoetaliotes nebrascensis.N1B","N1B","Phoetaliotes nebrascensis",19,50,18,3,5,22,39,22,4,7,12,64,18,4,3,3,1,8,4
"98","Pseudopomala brachyptera.N1B","N1B","Pseudopomala brachyptera",1,1,0,0,0,0,0,0,0,0,0,0,0,0,0,0,0,0,0
"99","Schistocerca lineata.N1B","N1B","Schistocerca lineata",2,2,2,0,0,0,0,0,0,0,0,0,6,0,0,0,1,0,0
"100","Syrbula admirabilis.N1B","N1B","Syrbula admirabilis",9,5,3,4,7,19,14,4,4,4,14,21,2,2,5,9,2,29,2
"101","Ageneotettix deorum.N20B","N20B","Ageneotettix deorum",1,1,10,0,2,0,0,0,0,0,1,21,2,0,0,0,0,0,0
"102","Boopedon auriventris.N20B","N20B","Boopedon auriventris",1,1,0,0,0,0,0,0,0,0,0,2,0,0,0,0,0,0,0
"103","Chortophaga viridifasciata.N20B","N20B","Chortophaga viridifasciata",1,0,0,0,0,0,0,0,0,0,1,0,0,0,0,1,1,2,2
"104","Hesperotettix speciosus.N20B","N20B","Hesperotettix speciosus",23,12,2,1,1,1,5,2,2,1,2,6,6,8,6,15,7,5,2
"105","Hesperotettix viridis.N20B","N20B","Hesperotettix viridis",2,29,1,0,0,0,0,0,0,0,0,10,1,0,0,0,0,2,1
"106","Hypochlora alba.N20B","N20B","Hypochlora alba",22,6,3,3,3,7,6,6,3,8,5,7,12,2,12,6,9,8,6
"107","Melanoplus bivittatus.N20B","N20B","Melanoplus bivittatus",14,10,2,2,1,1,1,1,0,0,2,33,9,0,2,1,2,3,2
"108","Melanoplus confusus.N20B","N20B","Melanoplus confusus",22,4,0,1,0,0,0,0,1,0,1,12,0,3,0,0,0,0,0
"109","Melanoplus femurrubrum.N20B","N20B","Melanoplus femurrubrum",18,20,26,29,16,0,35,31,9,11,59,106,38,3,22,18,35,21,6
"110","Melanoplus keeleri.N20B","N20B","Melanoplus keeleri",36,26,8,5,2,7,19,2,4,0,2,22,14,4,4,3,13,35,2
"111","Melanoplus sanguinipes.N20B","N20B","Melanoplus sanguinipes",7,1,3,4,3,4,9,0,0,0,0,0,10,0,0,0,11,10,1
"112","Melanoplus scudderi.N20B","N20B","Melanoplus scudderi",20,9,0,4,0,5,12,5,2,6,6,17,4,0,1,0,2,12,0
"113","Mermiria bivittata.N20B","N20B","Mermiria bivittata",9,7,3,0,0,3,1,0,1,4,2,0,2,0,2,0,0,1,0
"114","Mermiria picta.N20B","N20B","Mermiria picta",1,14,1,0,0,0,0,1,0,0,0,0,0,3,0,1,0,0,0
"115","Orphulella speciosa.N20B","N20B","Orphulella speciosa",33,36,24,14,18,27,49,21,11,10,43,104,34,7,6,18,29,21,17
"116","Phoetaliotes nebrascensis.N20B","N20B","Phoetaliotes nebrascensis",145,56,44,40,25,48,55,59,14,76,62,94,53,7,17,5,5,11,4
"117","Syrbula admirabilis.N20B","N20B","Syrbula admirabilis",10,9,0,6,5,9,15,9,1,5,21,31,7,2,9,2,10,14,7
"118","Ageneotettix deorum.N4A","N4A","Ageneotettix deorum",8,16,15,10,10,6,5,1,2,2,8,48,24,0,0,0,6,1,0
"119","Arphia conspersa.N4A","N4A","Arphia conspersa",4,0,0,0,0,0,2,0,0,0,0,0,0,0,0,0,0,0,0
"120","Arphia simplex.N4A","N4A","Arphia simplex",1,0,0,0,0,0,0,1,0,0,1,0,0,1,0,1,0,0,0
"121","Arphia xanthoptera.N4A","N4A","Arphia xanthoptera",2,1,0,0,0,1,2,6,1,5,1,0,1,0,0,2,0,0,0
"122","Chortophaga viridifasciata.N4A","N4A","Chortophaga viridifasciata",6,7,2,0,0,1,0,0,0,0,0,0,0,0,0,0,1,1,0
"123","Eritettix simplex.N4A","N4A","Eritettix simplex",1,0,2,5,0,0,0,0,0,0,0,0,0,0,0,0,6,4,0
"124","Hadrotettix trifasciatus.N4A","N4A","Hadrotettix trifasciatus",9,3,1,1,0,0,0,0,0,0,0,0,0,0,0,0,0,0,0
"125","Hesperotettix speciosus.N4A","N4A","Hesperotettix speciosus",14,5,1,1,0,7,9,6,3,3,1,15,7,6,9,17,3,2,3
"126","Hesperotettix viridis.N4A","N4A","Hesperotettix viridis",14,10,0,4,0,0,0,0,0,1,2,12,4,0,0,0,1,0,1
"127","Hippiscus ocelote.N4A","N4A","Hippiscus ocelote",3,1,0,0,1,2,0,0,0,0,0,0,0,0,0,0,0,1,0
"128","Hypochlora alba.N4A","N4A","Hypochlora alba",18,1,1,0,1,6,9,9,3,4,0,3,8,5,13,25,5,3,1
"129","Melanoplus bivittatus.N4A","N4A","Melanoplus bivittatus",17,28,1,0,0,2,0,3,0,4,6,44,10,1,5,0,0,4,2
"130","Melanoplus confusus.N4A","N4A","Melanoplus confusus",207,4,3,3,0,1,1,0,0,0,0,4,0,2,0,0,0,0,0
"131","Melanoplus femurrubrum.N4A","N4A","Melanoplus femurrubrum",11,45,30,14,7,18,4,44,15,24,21,56,11,6,12,48,28,40,16
"132","Melanoplus keeleri.N4A","N4A","Melanoplus keeleri",244,105,57,37,44,39,16,16,1,5,3,25,19,11,0,24,24,26,11
"133","Melanoplus packardii.N4A","N4A","Melanoplus packardii",9,1,2,1,0,1,11,0,0,0,1,8,0,0,0,0,1,1,0
"134","Melanoplus sanguinipes.N4A","N4A","Melanoplus sanguinipes",6,8,1,4,4,1,2,1,0,2,0,0,5,0,1,0,3,5,5
"135","Melanoplus scudderi.N4A","N4A","Melanoplus scudderi",60,13,0,8,1,9,5,6,1,5,2,10,10,3,3,9,3,1,2
"136","Mermiria bivittata.N4A","N4A","Mermiria bivittata",8,17,4,2,1,3,0,0,1,3,1,0,0,1,0,2,0,0,1
"137","Mermiria picta.N4A","N4A","Mermiria picta",3,11,1,0,1,0,0,6,1,0,1,0,0,2,0,3,0,0,0
"138","Opeia obscura.N4A","N4A","Opeia obscura",2,1,0,0,0,1,0,0,0,0,0,0,0,0,0,0,0,0,0
"139","Orphulella speciosa.N4A","N4A","Orphulella speciosa",316,169,83,45,34,67,40,28,14,27,24,129,23,11,11,27,55,35,10
"140","Phoetaliotes nebrascensis.N4A","N4A","Phoetaliotes nebrascensis",100,53,36,22,28,36,13,6,2,7,11,80,10,4,17,7,7,3,2
"141","Syrbula admirabilis.N4A","N4A","Syrbula admirabilis",20,4,5,11,9,29,17,7,4,4,11,56,2,0,15,5,10,17,4
"142","Ageneotettix deorum.N4D","N4D","Ageneotettix deorum",5,11,12,5,5,15,4,3,1,3,20,35,14,0,0,0,1,1,0
"143","Arphia conspersa.N4D","N4D","Arphia conspersa",1,2,0,0,0,0,0,0,0,0,0,0,1,0,0,0,0,0,0
"144","Arphia simplex.N4D","N4D","Arphia simplex",3,0,0,1,0,0,0,0,0,0,1,0,0,1,0,0,0,1,1
"145","Chortophaga viridifasciata.N4D","N4D","Chortophaga viridifasciata",4,0,0,0,0,0,0,0,0,0,1,0,0,0,0,0,0,0,1
"146","Eritettix simplex.N4D","N4D","Eritettix simplex",3,0,1,0,0,0,1,0,0,0,0,0,0,0,0,0,2,0,0
"147","Hadrotettix trifasciatus.N4D","N4D","Hadrotettix trifasciatus",8,5,0,0,1,0,0,0,0,0,1,0,0,0,0,0,0,0,0
"148","Hesperotettix speciosus.N4D","N4D","Hesperotettix speciosus",51,9,2,2,0,7,4,5,0,1,0,6,2,17,1,16,8,6,0
"149","Hippiscus ocelote.N4D","N4D","Hippiscus ocelote",4,0,0,0,0,1,0,0,0,0,0,0,0,0,0,0,0,2,1
"150","Hypochlora alba.N4D","N4D","Hypochlora alba",16,5,0,0,0,16,9,22,2,1,7,4,8,10,14,13,7,3,0
"151","Melanoplus bivittatus.N4D","N4D","Melanoplus bivittatus",5,5,1,0,2,0,1,4,0,1,4,19,6,0,0,0,2,9,3
"152","Melanoplus confusus.N4D","N4D","Melanoplus confusus",83,1,2,3,0,0,3,0,0,0,1,3,0,4,0,0,0,0,0
"153","Melanoplus femurrubrum.N4D","N4D","Melanoplus femurrubrum",30,86,16,3,6,0,42,69,9,5,58,69,21,12,21,13,20,30,1
"154","Melanoplus keeleri.N4D","N4D","Melanoplus keeleri",193,85,24,20,9,22,32,12,1,5,6,26,15,7,7,11,28,28,2
"155","Melanoplus packardii.N4D","N4D","Melanoplus packardii",2,3,0,0,0,0,1,4,0,0,1,4,1,0,0,0,0,0,0
"156","Melanoplus sanguinipes.N4D","N4D","Melanoplus sanguinipes",29,4,4,9,12,11,1,1,0,1,0,0,3,0,0,0,13,10,0
"157","Melanoplus scudderi.N4D","N4D","Melanoplus scudderi",26,6,0,1,0,1,2,8,0,0,4,1,3,0,3,7,5,5,0
"158","Mermiria bivittata.N4D","N4D","Mermiria bivittata",16,7,0,1,2,1,0,1,1,4,8,0,1,0,1,4,0,2,2
"159","Mermiria picta.N4D","N4D","Mermiria picta",9,17,0,0,0,0,1,2,0,1,1,9,0,1,0,1,1,0,0
"160","Orphulella speciosa.N4D","N4D","Orphulella speciosa",212,109,8,4,5,12,21,17,10,11,24,83,18,8,3,11,14,30,6
"161","Pardalophora haldemani.N4D","N4D","Pardalophora haldemani",1,3,1,2,2,1,0,0,0,1,0,2,2,0,0,0,0,0,0
"162","Phoetaliotes nebrascensis.N4D","N4D","Phoetaliotes nebrascensis",95,54,6,5,4,0,7,10,7,22,10,22,6,1,1,7,5,3,1
"163","Syrbula admirabilis.N4D","N4D","Syrbula admirabilis",16,2,3,2,3,9,25,22,6,3,19,57,1,1,0,11,9,39,1
"164","Boopedon gracile.1D","1D","Boopedon gracile",0,1,0,0,0,0,0,0,0,0,0,0,0,0,0,0,0,0,0
"165","Campylacantha olivacea.1D","1D","Campylacantha olivacea",0,13,5,0,7,5,36,47,14,8,30,77,9,0,0,0,12,0,0
"166","Hesperotettix speciosus.1D","1D","Hesperotettix speciosus",0,1,1,0,0,0,0,0,0,0,0,3,0,2,17,9,0,1,0
"167","Hesperotettix viridis.1D","1D","Hesperotettix viridis",0,10,0,0,0,0,0,0,0,0,1,0,0,0,0,0,0,0,0
"168","Melanoplus femurrubrum.1D","1D","Melanoplus femurrubrum",0,20,4,6,0,0,5,15,1,3,1,10,2,0,1,2,2,1,1
"169","Melanoplus packardii.1D","1D","Melanoplus packardii",0,2,0,0,0,0,0,1,0,0,0,4,1,0,0,0,1,1,0
"170","Melanoplus sanguinipes.1D","1D","Melanoplus sanguinipes",0,1,0,0,0,0,0,0,0,0,0,0,1,0,0,0,0,0,0
"171","Mermiria picta.1D","1D","Mermiria picta",0,10,0,0,0,0,1,3,0,1,4,0,0,0,0,1,9,2,0
"172","Schistocerca lineata.1D","1D","Schistocerca lineata",0,1,0,0,0,0,0,0,0,0,0,0,0,0,0,0,0,1,1
"173","Campylacantha olivacea.20B","20B","Campylacantha olivacea",0,6,12,1,5,21,35,30,5,5,19,26,2,0,0,0,21,1,0
"174","Schistocerca lineata.20B","20B","Schistocerca lineata",0,2,0,0,0,0,0,1,0,0,0,0,1,0,0,0,0,0,0
"175","Campylacantha olivacea.4B","4B","Campylacantha olivacea",0,8,26,4,22,9,15,21,3,9,41,41,3,0,0,0,38,4,2
"176","Melanoplus femurrubrum.4B","4B","Melanoplus femurrubrum",0,6,2,4,1,1,1,6,0,5,2,77,5,1,3,31,34,3,1
"177","Melanoplus packardii.4B","4B","Melanoplus packardii",0,1,0,1,0,0,0,0,0,0,0,0,0,0,0,0,0,0,0
"178","Mermiria picta.4B","4B","Mermiria picta",0,2,0,0,0,0,0,0,0,0,1,0,0,0,0,1,1,0,0
"179","Pardalophora haldemani.4B","4B","Pardalophora haldemani",0,1,0,1,1,0,0,0,0,0,0,1,0,0,0,0,0,0,0
"180","Pseudopomala brachyptera.4B","4B","Pseudopomala brachyptera",0,1,2,0,0,1,2,0,0,0,0,0,0,0,0,0,0,2,0
"181","Boopedon gracile.4F","4F","Boopedon gracile",0,2,0,0,0,0,0,0,0,0,2,0,0,0,0,0,0,0,0
"182","Melanoplus packardii.4F","4F","Melanoplus packardii",0,2,0,0,0,0,0,0,0,0,0,0,0,0,0,0,0,0,0
"183","Pseudopomala brachyptera.4F","4F","Pseudopomala brachyptera",0,5,0,2,0,0,2,0,0,0,0,0,0,0,0,0,1,0,0
"184","Boopedon gracile.N1B","N1B","Boopedon gracile",0,3,0,0,0,0,0,0,0,0,0,0,0,5,0,0,0,1,0
"185","Campylacantha olivacea.N1B","N1B","Campylacantha olivacea",0,51,95,9,21,84,92,117,18,31,51,20,25,0,0,0,23,7,3
"186","Hadrotettix trifasciatus.N1B","N1B","Hadrotettix trifasciatus",0,2,0,0,0,0,0,1,0,0,1,2,0,0,0,0,0,0,0
"187","Arphia xanthoptera.N20B","N20B","Arphia xanthoptera",0,2,0,2,1,0,0,1,1,2,5,0,0,0,0,3,0,2,0
"188","Boopedon gracile.N20B","N20B","Boopedon gracile",0,1,0,0,0,0,0,0,0,0,1,0,0,1,0,2,0,0,0
"189","Campylacantha olivacea.N20B","N20B","Campylacantha olivacea",0,9,35,17,13,34,49,65,12,20,24,40,30,0,0,0,29,4,5
"190","Hippiscus ocelote.N20B","N20B","Hippiscus ocelote",0,1,0,0,0,0,0,0,0,0,0,0,0,0,0,0,0,0,0
"191","Melanoplus packardii.N20B","N20B","Melanoplus packardii",0,2,0,1,1,0,0,0,0,0,0,2,1,0,0,0,0,0,0
"192","Pardalophora haldemani.N20B","N20B","Pardalophora haldemani",0,1,0,1,1,0,0,0,0,0,0,4,1,1,0,0,0,0,0
"193","Pseudopomala brachyptera.N20B","N20B","Pseudopomala brachyptera",0,1,0,0,0,0,0,0,0,0,0,0,0,0,0,0,0,0,0
"194","Campylacantha olivacea.N4A","N4A","Campylacantha olivacea",0,13,30,20,13,33,68,83,19,17,6,37,47,0,0,1,39,2,16
"195","Pardalophora haldemani.N4A","N4A","Pardalophora haldemani",0,1,0,4,13,5,0,0,0,4,0,11,1,0,0,0,0,0,0
"196","Pseudopomala brachyptera.N4A","N4A","Pseudopomala brachyptera",0,2,0,0,0,0,0,0,0,0,0,0,0,0,0,0,0,0,0
"197","Arphia xanthoptera.N4D","N4D","Arphia xanthoptera",0,1,0,0,0,2,1,3,0,3,1,0,0,1,1,2,1,0,0
"198","Campylacantha olivacea.N4D","N4D","Campylacantha olivacea",0,40,35,21,14,79,75,124,13,24,20,29,19,0,0,0,16,6,3
"199","Hesperotettix viridis.N4D","N4D","Hesperotettix viridis",0,2,0,0,1,0,0,0,0,0,0,2,1,0,0,0,0,0,0
"200","Melanoplus differentialis.N4D","N4D","Melanoplus differentialis",0,1,0,0,1,0,0,0,0,0,0,0,0,0,0,0,0,0,0
"201","Opeia obscura.N4D","N4D","Opeia obscura",0,2,0,0,0,3,3,0,0,0,0,0,0,0,0,0,0,0,0
"202","Pseudopomala brachyptera.N4D","N4D","Pseudopomala brachyptera",0,5,0,0,0,0,0,0,0,0,0,0,0,0,0,0,0,0,0
"203","Schistocerca lineata.N4D","N4D","Schistocerca lineata",0,1,0,0,0,0,0,0,0,0,0,1,0,0,0,0,0,0,0
"204","Boopedon auriventris.20B","20B","Boopedon auriventris",0,0,1,0,0,0,0,0,0,0,0,1,0,0,0,0,0,0,0
"205","Eritettix simplex.4B","4B","Eritettix simplex",0,0,1,0,0,0,0,0,0,0,0,0,0,0,0,0,1,2,1
"206","Campylacantha olivacea.4F","4F","Campylacantha olivacea",0,0,7,2,2,23,18,7,4,14,55,3,1,0,0,0,10,20,6
"207","Arphia simplex.N20B","N20B","Arphia simplex",0,0,1,2,1,0,1,1,0,0,3,0,0,0,0,0,1,3,0
"208","Pardalophora apiculata.N4A","N4A","Pardalophora apiculata",0,0,1,0,2,3,0,0,0,0,0,0,0,0,0,0,0,0,0
"209","Eritettix simplex.20B","20B","Eritettix simplex",0,0,0,1,0,0,0,0,0,0,0,0,0,0,0,0,0,0,0
"210","Eritettix simplex.N20B","N20B","Eritettix simplex",0,0,0,1,0,0,0,0,0,0,0,0,0,0,0,0,0,0,0
"211","Pardalophora haldemani.1D","1D","Pardalophora haldemani",0,0,0,0,1,0,0,0,0,0,1,0,0,0,0,0,0,0,0
"212","Encoptolophus sordidus.N20B","N20B","Encoptolophus sordidus",0,0,0,0,1,1,0,0,0,0,0,0,0,0,0,0,3,0,0
"213","Schistocerca lineata.N20B","N20B","Schistocerca lineata",0,0,0,0,1,0,0,0,0,0,0,1,2,0,0,0,1,0,0
"214","Encoptolophus sordidus.N4A","N4A","Encoptolophus sordidus",0,0,0,0,5,6,2,0,0,0,0,0,0,0,1,0,3,0,0
"215","Encoptolophus sordidus.1D","1D","Encoptolophus sordidus",0,0,0,0,0,1,1,0,0,0,0,0,0,0,0,0,0,0,0
"216","Pardalophora apiculata.1D","1D","Pardalophora apiculata",0,0,0,0,0,1,0,0,0,0,0,0,0,0,0,0,0,0,0
"217","Melanoplus sanguinipes.20B","20B","Melanoplus sanguinipes",0,0,0,0,0,1,2,0,0,0,0,0,1,0,0,0,1,0,0
"218","Pardalophora apiculata.4F","4F","Pardalophora apiculata",0,0,0,0,0,1,0,0,0,0,0,0,0,0,0,0,0,0,0
"219","Encoptolophus sordidus.N1B","N1B","Encoptolophus sordidus",0,0,0,0,0,1,2,0,0,0,0,0,0,0,0,0,0,0,0
"220","Pardalophora apiculata.N1B","N1B","Pardalophora apiculata",0,0,0,0,0,1,0,0,0,0,0,0,0,0,0,0,0,0,0
"221","Pardalophora apiculata.N20B","N20B","Pardalophora apiculata",0,0,0,0,0,1,0,0,0,0,0,0,0,0,0,0,0,0,0
"222","Melanoplus differentialis.N4A","N4A","Melanoplus differentialis",0,0,0,0,0,2,0,0,0,0,0,0,0,0,0,0,0,0,0
"223","Encoptolophus sordidus.N4D","N4D","Encoptolophus sordidus",0,0,0,0,0,2,1,0,0,0,0,0,0,0,0,0,1,0,0
"224","Melanoplus angustipennis.N4D","N4D","Melanoplus angustipennis",0,0,0,0,0,1,0,0,0,0,0,0,0,0,0,0,0,0,0
"225","Pardalophora apiculata.N4D","N4D","Pardalophora apiculata",0,0,0,0,0,3,0,0,0,0,0,0,0,0,0,0,0,0,0
"226","Pardalophora haldemani.20B","20B","Pardalophora haldemani",0,0,0,0,0,0,1,0,0,0,0,1,0,0,0,0,0,0,0
"227","Paratylotropidia brunneri.N1B","N1B","Paratylotropidia brunneri",0,0,0,0,0,0,3,0,0,0,0,0,0,0,0,0,0,0,0
"228","Melanoplus occidentalis.N20B","N20B","Melanoplus occidentalis",0,0,0,0,0,0,1,0,0,0,0,0,0,0,0,0,0,0,0
"229","Opeia obscura.N20B","N20B","Opeia obscura",0,0,0,0,0,0,1,1,0,0,0,0,0,0,0,0,0,0,0
"230","Paratylotropidia brunneri.N20B","N20B","Paratylotropidia brunneri",0,0,0,0,0,0,1,0,0,0,0,0,0,0,0,0,0,0,0
"231","Boopedon gracile.N4A","N4A","Boopedon gracile",0,0,0,0,0,0,1,0,0,0,0,0,2,1,0,1,0,0,0
"232","Melanoplus angustipennis.N4A","N4A","Melanoplus angustipennis",0,0,0,0,0,0,1,0,0,0,0,0,0,0,0,0,0,0,0
"233","Boopedon gracile.N4D","N4D","Boopedon gracile",0,0,0,0,0,0,4,0,0,0,0,0,0,8,2,2,0,0,0
"234","Brachystola magna.N4D","N4D","Brachystola magna",0,0,0,0,0,0,1,0,0,0,0,0,0,0,0,0,0,0,0
"235","Melanoplus packardii.20B","20B","Melanoplus packardii",0,0,0,0,0,0,0,2,0,0,0,0,1,0,0,0,0,0,0
"236","Opeia obscura.4B","4B","Opeia obscura",0,0,0,0,0,0,0,1,0,0,0,0,0,0,0,0,0,0,0
"237","Schistocerca obscura.N1B","N1B","Schistocerca obscura",0,0,0,0,0,0,0,0,0,1,0,0,0,1,0,0,0,0,0
"238","Arphia simplex.1D","1D","Arphia simplex",0,0,0,0,0,0,0,0,0,0,1,0,0,0,0,0,0,0,0
"239","Paratylotropidia brunneri.4B","4B","Paratylotropidia brunneri",0,0,0,0,0,0,0,0,0,0,2,0,0,0,0,0,0,0,0
"240","Ageneotettix deorum.4B","4B","Ageneotettix deorum",0,0,0,0,0,0,0,0,0,0,0,1,0,0,0,0,0,0,0
"241","Schistocerca lineata.4F","4F","Schistocerca lineata",0,0,0,0,0,0,0,0,0,0,0,1,1,0,0,0,0,0,0
"242","Boopedon auriventris.N1B","N1B","Boopedon auriventris",0,0,0,0,0,0,0,0,0,0,0,1,0,0,0,0,0,0,0
"243","Brachystola magna.N4A","N4A","Brachystola magna",0,0,0,0,0,0,0,0,0,0,0,1,0,0,0,0,0,0,0
"244","Schistocerca lineata.N4A","N4A","Schistocerca lineata",0,0,0,0,0,0,0,0,0,0,0,2,0,0,0,0,0,1,0
"245","Boopedon auriventris.N4D","N4D","Boopedon auriventris",0,0,0,0,0,0,0,0,0,0,0,1,0,0,0,0,0,0,0
"246","Melanoplus confusus.1D","1D","Melanoplus confusus",0,0,0,0,0,0,0,0,0,0,0,0,0,1,0,0,0,1,0
"247","Schistocerca obscura.1D","1D","Schistocerca obscura",0,0,0,0,0,0,0,0,0,0,0,0,0,1,0,0,0,0,0
"248","Schistocerca obscura.4F","4F","Schistocerca obscura",0,0,0,0,0,0,0,0,0,0,0,0,0,1,0,0,0,0,0
"249","Melanoplus angustipennis.N1B","N1B","Melanoplus angustipennis",0,0,0,0,0,0,0,0,0,0,0,0,0,0,2,0,0,0,0
"250","Boopedon nubilum.N4A","N4A","Boopedon nubilum",0,0,0,0,0,0,0,0,0,0,0,0,0,0,1,0,0,0,0
"251","Arphia conspersa.4B","4B","Arphia conspersa",0,0,0,0,0,0,0,0,0,0,0,0,0,0,0,1,0,0,0
"252","Arphia simplex.4B","4B","Arphia simplex",0,0,0,0,0,0,0,0,0,0,0,0,0,0,0,1,2,0,0
"253","Schistocerca obscura.4B","4B","Schistocerca obscura",0,0,0,0,0,0,0,0,0,0,0,0,0,0,0,28,0,0,0
"254","Schistocerca alutacea.N4A","N4A","Schistocerca alutacea",0,0,0,0,0,0,0,0,0,0,0,0,0,0,0,1,0,0,0
"255","Schistocerca obscura.N4A","N4A","Schistocerca obscura",0,0,0,0,0,0,0,0,0,0,0,0,0,0,0,1,0,0,0
"256","Eritettix simplex.1D","1D","Eritettix simplex",0,0,0,0,0,0,0,0,0,0,0,0,0,0,0,0,1,0,0
"257","Encoptolophus sordidus.4B","4B","Encoptolophus sordidus",0,0,0,0,0,0,0,0,0,0,0,0,0,0,0,0,1,0,0
"258","Schistocerca lineata.4B","4B","Schistocerca lineata",0,0,0,0,0,0,0,0,0,0,0,0,0,0,0,0,1,0,0
"259","Encoptolophus subgracilis.N4D","N4D","Encoptolophus subgracilis",0,0,0,0,0,0,0,0,0,0,0,0,0,0,0,0,1,0,0
"260","Encoptolophus subgracilis.N20B","N20B","Encoptolophus subgracilis",0,0,0,0,0,0,0,0,0,0,0,0,0,0,0,0,0,3,0
"261","Boopedon auriventris.N4A","N4A","Boopedon auriventris",0,0,0,0,0,0,0,0,0,0,0,0,0,0,0,0,0,1,0
"262","Tettigidea lateralis.N4A","N4A","Tettigidea lateralis",0,0,0,0,0,0,0,0,0,0,0,0,0,0,0,0,0,1,0
"263","Xanthippus corallipes.N20B","N20B","Xanthippus corallipes",0,0,0,0,0,0,0,0,0,0,0,0,0,0,0,0,0,0,1
"264","Dissosteira carolina.N4A","N4A","Dissosteira carolina",0,0,0,0,0,0,0,0,0,0,0,0,0,0,0,0,0,0,1
